Artista,Musica,Tempo,Data
Pineapple StormTv,"Poetas no Topo 3.3, Pt. 1",1534,2021-02-07 16:29
MV Bill,Estilo Vagabundo,5641,2021-02-07 16:29
ADL,Favela Vive 2,14610,2021-02-07 16:29
L7NNON,Ninguém (feat. MV BILL),202083,2021-02-07 16:33
Pineapple StormTv,"Poetas no Topo 3.3, Pt. 2",179182,2021-02-07 16:36
Fleezus,City Runners (feat. Kyan),166474,2021-02-07 16:38
LEALL,"Os Pitbull do Ano, Pt. 2",28017,2021-02-07 16:39
SD9,40°.40,114565,2021-02-07 16:41
Kyan,Chefin,3045,2021-02-07 16:41
VND,7 Balas / Dono da Rua,2497,2021-02-07 16:41
Flacko,Ai Calica,2188,2021-02-07 16:41
Fleezus,Revolta,196986,2021-02-07 16:44
LEALL,Criminal Influencer,115078,2021-02-07 16:46
KBrum,Voltei!,1030,2021-02-07 16:46
ABRONCA,Pras Bandidas,2637,2021-02-07 16:46
Elicê,Fazendo o Sinal,1876,2021-02-07 16:46
Thxuzz,Sosa Jr,20571,2021-02-07 17:03
Thxuzz,Sosa Jr,3671,2021-02-13 14:23
Thxuzz,Sosa Jr,5479,2021-02-13 14:23
Flacko,Ódio Puro da Polícia,4506,2021-02-13 14:24
Eloy Polemico,Ouro de Tolo,254214,2021-02-13 14:28
BK,Top Boys,193834,2021-02-16 19:10
Recayd Mob,Flack Jack,47,2021-02-16 19:11
Djonga,Vazio,3184,2021-02-16 19:11
Sain,Pronto,156,2021-02-16 19:11
Djonga,Lupa,1625,2021-02-16 19:11
Tober KGL,Inglória,61292,2021-02-16 19:11
BK,Almas,0,2021-02-16 19:11
BK,Almas,1997,2021-02-16 19:11
Recayd Mob,Plaqtudum,1652,2021-02-16 19:11
Kayuá,Contatos,3503,2021-02-16 19:11
Baco Exu do Blues,Esú,5353,2021-02-16 19:11
Coruja Bc1,Nóiz Memo,3169,2021-02-16 19:11
Pirâmide Perdida,Dispiei,1294,2021-02-16 19:11
Lil Fire 666,"Vida Loka, Pt.4",3590,2021-02-16 19:11
Lil Fire 666,"Vida Loka, Pt.4",290,2021-02-16 19:11
Recayd Mob,ÓhUhLança,0,2021-02-16 19:12
Akira Presidente,Fa7her (Remix),0,2021-02-16 19:12
Sain,Eu Sei Bem,0,2021-02-16 19:12
Nill,Loopers,1100,2021-02-16 19:12
MC Igu,Doko,4375,2021-02-16 19:12
Djonga,Esquimó,0,2021-02-16 19:12
Froid,Autoestima em Dó,0,2021-02-16 19:12
Luccas Carlos,Te Observando,1148,2021-02-16 19:12
Froid,Flow de Lázaro,157846,2021-02-16 19:14
Matuê,Celine,232,2021-02-16 19:15
BK,Take Your Little Vision,12005,2021-02-16 19:15
Rincon Sapiência,Linhas de Soco,3916,2021-02-16 19:15
Luccas Carlos,Fala,4454,2021-02-16 19:15
Baco Exu do Blues,Abre Caminho,2693,2021-02-16 19:15
Don L,Laje das Ilusões,1023,2021-02-16 19:15
Sain,Prato do Dia,2380,2021-02-16 19:15
Rincon Sapiência,Linhas de Soco,251726,2021-02-16 19:19
Baco Exu do Blues,Abre Caminho,39996,2021-02-16 19:31
WC no Beat,Trabalho Lindo,233,2021-02-19 21:29
Baco Exu do Blues,Abre Caminho,5897,2021-02-19 21:29
KK,1Nojo,3037,2021-02-19 21:30
Baco Exu do Blues,Tropicália,6007,2021-02-19 21:30
Akira Presidente,$$$$$$$,5560,2021-02-19 21:30
MC Igu,De Dust,2662,2021-02-19 21:30
Matuê,H. O. R. T. A,5845,2021-02-19 21:30
BK,Adeus,4408,2021-02-19 21:30
Nill,Wifi,4672,2021-02-19 21:30
MC Igu,Pharaoh,2788,2021-02-19 21:30
Matuê,Lama no Copo,2536,2021-02-19 21:30
Akira Presidente,Melhoria Gang,1657,2021-02-19 21:30
Don L,Beira de Piscina (Remix),5370,2021-02-19 21:30
BK,Castelos & Ruínas,249490,2021-02-19 21:34
Akira Presidente,Contas Pra Pagar,1014,2021-02-19 21:41
Makalister,Poetas no Topo 1,458,2021-02-19 21:41
MOB79,Atleta do Ano - Remix,390545,2021-02-19 21:41
Mr Break,Funeral Rmx,17244,2021-02-19 21:41
Baco Exu do Blues,Sujismundo,3287,2021-02-19 21:41
BK,Folhas,2786,2021-02-19 21:42
Mãolee,Dinheiro,1247,2021-02-19 21:42
Matuê,Urubus,2813,2021-02-19 21:42
Diomedes Chinaski,O Aprendiz,3457,2021-02-19 21:42
Pineapple StormTv,Aulas e Palestras,100795,2021-02-19 21:44
Fleezus,City Runners (feat. Kyan),19252,2021-02-19 21:44
LEALL,Criminal Influencer,68322,2021-02-19 21:45
KBrum,Voltei!,16735,2021-02-19 21:45
ABRONCA,Pras Bandidas,1950,2021-02-19 21:45
Elicê,Fazendo o Sinal,2337,2021-02-19 21:45
ABRONCA,Pras Bandidas,1219,2021-02-27 07:38
FBC,Levar a Sério,146898,2021-03-05 21:27
SD9,40°.40,196000,2021-03-05 21:30
Derxan,Chumbo,135464,2021-03-05 21:33
Fleezus,City Runners (feat. Kyan),166474,2021-03-05 21:35
Kyan,Chefin,53421,2021-03-05 21:36
VND,7 Balas / Dono da Rua,752,2021-03-05 21:36
VND,7 Balas / Dono da Rua,3857,2021-03-06 14:02
Baco Exu do Blues,Tropicália,4486,2021-03-06 14:03
Flacko,Ai Calica,42902,2021-03-06 14:03
Luiz Lins,Escama,3008,2021-03-06 14:06
Baco Exu do Blues,999,218446,2021-03-06 14:06
Coruja Bc1,Nóiz Memo,3708,2021-03-06 14:06
Pineapple StormTv,Aulas e Palestras,250,2021-03-06 14:07
Nunig,Noixx,27211,2021-03-06 14:07
Nunig,Noixx,4792,2021-03-06 14:07
Febem,CRIME,175163,2021-03-06 14:10
SD9,40°.40,45487,2021-03-06 14:13
FBC,Levar a Sério,146898,2021-03-06 14:13
FBC,SE EU NÃO TE CANTAR,158918,2021-03-06 14:16
Pineapple StormTv,Poetas no Topo 2,13006,2021-03-06 14:17
FBC,Auto Ajuda,170649,2021-03-06 14:19
Sidoka,Olha Pro Oclin,221473,2021-03-06 14:23
Djonga,Gelo (prod. Coyote Beatz),229088,2021-03-06 14:27
Garena Free Fire,Capa E Tchau,43462,2021-03-06 14:31
FBC,Frank & Tikão,228995,2021-03-06 14:31
FBC,17 Anos,215111,2021-03-06 14:35
Djonga,"Irmãos de Arma, Irmãos de Luta",1323,2021-03-06 14:36
FBC,pra você e pra mim,1128,2021-03-06 14:36
FBC,Baile de Ladrão,5368,2021-03-06 14:36
FBC,CONFIO,65517,2021-03-06 14:36
FBC,MONEY MANIN,179200,2021-03-06 14:40
FBC,Gameleira,33580,2021-03-06 14:41
FBC,se brotar,9752,2021-03-06 14:43
FBC,Superstar,125794,2021-03-06 14:43
FBC,IPHONE,231111,2021-03-06 14:47
FBC,Ela É Green,1471,2021-03-06 14:49
FBC,Levar a Sério,105635,2021-03-06 14:49
FBC,leve 3,35091,2021-03-06 15:06
FBC,leve 3,137344,2021-03-06 16:59
FBC,THC,90001,2021-03-06 17:01
FBC,THC,251806,2021-03-10 20:16
FBC,se brotar,82840,2021-03-10 20:17
FBC,Ela É Green,215179,2021-03-10 20:21
FBC,Ixquece,29834,2021-03-10 20:23
FBC,Champs-Élysées,92838,2021-03-10 20:23
FBC,IPHONE,4373,2021-03-10 20:23
FBC,leve 3,2311,2021-03-10 20:23
Djonga,Gelo (prod. Coyote Beatz),2080,2021-03-10 20:24
Sidoka,Olha Pro Oclin,2375,2021-03-10 20:24
FBC,Sincero Foda-Se,30643,2021-03-10 20:24
Pineapple StormTv,Poetas no Topo 2,523467,2021-03-10 20:33
FBC,De Kenner,17949,2021-03-10 20:35
FBC,SE EU NÃO TE CANTAR,158936,2021-03-10 20:35
FBC,Auto Ajuda,170649,2021-03-10 20:39
FBC,Frank & Tikão,228995,2021-03-10 20:43
FBC,$ENHOR,254350,2021-03-10 20:47
Garena Free Fire,Capa E Tchau,18339,2021-03-10 20:48
FBC,17 Anos,1710,2021-03-10 20:48
FBC,pra você e pra mim,2063,2021-03-10 20:48
FBC,Gameleira,2156,2021-03-10 20:48
FBC,vale grana,4188,2021-03-10 20:48
FBC,Baile de Ladrão,1067,2021-03-10 20:48
FBC,MONEY MANIN,19780,2021-03-10 20:48
FBC,CONFIO,2778,2021-03-10 20:48
LEALL,Cadeia ou Morte?,140571,2021-03-10 20:51
Pineapple StormTv,Aulas e Palestras,193600,2021-03-10 20:54
Febem,CRIME,188330,2021-03-10 20:57
FBC,Levar a Sério,146898,2021-03-10 20:59
SD9,40°.40,196000,2021-03-10 21:03
Kyan,Chefin,2501,2021-03-10 21:03
Derxan,Chumbo,33383,2021-03-10 21:03
Fleezus,City Runners (feat. Kyan),4956,2021-03-10 21:03
VND,7 Balas / Dono da Rua,8956,2021-03-10 21:04
Flacko,Ai Calica,3120,2021-03-10 21:04
Fleezus,Revolta,2520,2021-03-10 21:04
LEALL,"Os Pitbull do Ano, Pt. 2",65547,2021-03-10 21:05
Diomedes Chinaski,O Aprendiz,108414,2021-03-10 21:07
Emicida,Triunfo (A Rua É Nóiz),0,2021-03-10 21:07
509-E,Oitavo Anjo,0,2021-03-10 21:09
Emicida,Triunfo (A Rua É Nóiz),0,2021-03-10 21:09
Racionais MC's,"Vida Loka, Pt. 1",303560,2021-03-10 21:28
Sabotage,Rap É Compromisso,160028,2021-03-10 21:30
Djonga,JUNHO DE 94,329008,2021-03-10 22:10
Criolo,Subirusdoistiozin,213573,2021-03-10 22:14
Black Alien,Babylon By Gus,97079,2021-03-10 22:15
Marcelo D2,Desabafo / Deixa Eu Dizer,175666,2021-03-10 22:18
Emicida,Triunfo (A Rua É Nóiz),209373,2021-03-10 22:22
Edi Rock,That's My Way,14634,2021-03-10 22:38
Edi Rock,That's My Way,325449,2021-03-10 22:45
Gabriel O Pensador,Cachimbo da Paz (feat. Lulu Santos),333106,2021-03-10 22:51
Pineapple StormTv,Poetisas no Topo 2,556662,2021-03-10 23:00
Planet Hemp,Mantenha o Respeito,196200,2021-03-10 23:03
Rincon Sapiência,Ponta de Lança (Verso Livre),214165,2021-03-10 23:07
Rashid,Bilhete 2.0 (feat. Luccas Carlos),223488,2021-03-10 23:11
Baco Exu do Blues,Te Amo Disgraça,290400,2021-03-10 23:16
Don L,Beira de Piscina (Remix),229889,2021-03-10 23:19
Filipe Ret,Invicto,256988,2021-03-10 23:24
Rappin' Hood,Rap du Bom Parte II - Mús. Incid.: Odara,435141,2021-03-10 23:31
Flora Matos,Preta de Quebrada,2746,2021-03-10 23:33
MV Bill,O Soldado Que Fica,140032,2021-03-10 23:33
RZO,O Trem,3615,2021-03-10 23:33
Emicida,Levanta e Anda,2205,2021-03-10 23:34
Haikaiss,Raplord,1740,2021-03-10 23:34
BNegão,Enxugando Gelo,18673,2021-03-10 23:34
Karol Conká,Boa Noite,6712,2021-03-10 23:34
Rodrigo Ogi,Profissão Perigo,168698,2021-03-10 23:37
Sombra,Homem Sem Face,80209,2021-03-10 23:38
Kamau,Só,201280,2021-03-10 23:41
Sabotage,Canão Foi Tão Bom,330799,2021-03-10 23:47
Helião,Periferia / Sample: Fim De Semana No Parque,16589,2021-03-10 23:47
Pentagono,O Q?,14505,2021-03-10 23:48
Helião,Periferia / Sample: Fim De Semana No Parque,1965,2021-03-10 23:48
Pentagono,O Q?,252480,2021-03-10 23:52
Black Alien,Rolo Compressor,27761,2021-03-10 23:53
BK,Castelos & Ruínas,249490,2021-03-10 23:57
Djonga,O Mundo é Nosso,223888,2021-03-11 00:00
Projota,Elas Gostam Assim,20004,2021-03-11 00:01
Karol Conká,Tombei,1669,2021-03-11 00:01
Instituto,Cabeça de Nêgo,3185,2021-03-11 00:01
Flora Matos,"Pretin (Verão, Pt. 1)",1371,2021-03-11 00:01
Lurdez Da Luz,Andei,2845,2021-03-11 00:01
Don L,Eu Não Te Amo,291243,2021-03-11 00:06
ConeCrewDiretoria,Chama os mulekes,353532,2021-03-11 00:12
Sabotage,Respeito É pra Quem Tem,1908,2021-03-11 00:18
Trilha Sonora do Gueto,Favela Sinistra,7015,2021-03-11 00:18
MV Bill,Rapstência,1296,2021-03-11 00:18
GOG,O Amor Venceu a Guerra,1616,2021-03-11 00:18
Racionais MC's,Diário de um Detento,1488,2021-03-11 00:18
Dexter,Eu Sô Função,384155,2021-03-11 00:18
Black Alien,Como Eu Te Quero,1509,2021-03-11 00:19
Parteum,Raciocínio Quebrado,58035,2021-03-11 00:19
Gabriel O Pensador,Retrato de um Playboy (Juventude Perdida),58742,2021-03-11 00:20
Thaíde & DJ Hum,Sr. Tempo Bom,1644,2021-03-11 00:25
Mamelo Sound System,Vô – Q – Vô,19763,2021-03-11 00:25
Somos Nós A Justiça,Se Tu Lutas Tu Conquistas,1964,2021-03-11 00:25
Rappin' Hood,Zé Brasileiro,267210,2021-03-11 00:25
Mano Brown,Mulher Elétrica,2979,2021-03-11 00:25
Kamau,Entre,2325,2021-03-11 00:26
Racionais MC's,"Capítulo 4, Versículo 3",1142,2021-03-11 00:26
Somos Nós A Justiça,Se Tu Lutas Tu Conquistas,1753,2021-03-11 00:26
Mano Brown,Mulher Elétrica,5031,2021-03-11 00:26
Consciência Humana,Lei da Periferia,1906,2021-03-11 00:26
Rashid,E Se,273320,2021-03-11 00:30
Mc Marechal,Primeiro de Abril,249289,2021-03-11 00:34
Xis,Us Mano e as Mina,7358,2021-03-11 00:35
Xis,Us Mano e as Mina,2829,2021-05-06 20:20
Ndee Naldinho,O 5° Vigia,5880,2021-05-06 20:21
Realidade Cruel,Depoimento de um Viciado,579,2021-05-09 09:37
LEALL,Pedras Amarelas,137865,2021-05-09 09:39
Fleezus,City Runners (feat. Kyan),166474,2021-05-09 09:42
Derxan,Didier Droga & Ba,141994,2021-05-09 09:44
LEALL,Pedras Amarelas,89314,2021-05-09 09:46
LEALL,Pedras Amarelas,137865,2021-05-09 09:48
Fleezus,City Runners (feat. Kyan),166474,2021-05-09 09:51
Derxan,Didier Droga & Ba,159464,2021-05-09 09:53
Dropallien,Alotrópico,148734,2021-05-09 09:56
VND,Bandido Chique,150857,2021-05-09 09:58
SD9,Nigéria 96,296142,2021-05-09 10:03
Thxuzz,Plantão,171428,2021-05-09 10:06
Jean Tassy,Hoje à Noite,194410,2021-05-09 10:09
Fleezus,Revolta,196986,2021-05-09 10:13
Febem,CRIME,188330,2021-05-09 10:16
LEALL,Cadeia ou Morte?,140571,2021-05-09 10:18
Bruxo 021,Nota de 200,193961,2021-05-09 10:22
Kyan,Menor Magrinho,152169,2021-05-09 10:24
KBrum,Ali Baba,193874,2021-05-09 10:27
Derxan,El Chapo,175273,2021-05-09 10:30
Febem,OG,141360,2021-05-09 10:33
SD9,40°.40,196000,2021-05-09 10:36
VND,Mano Você É Playboy,208000,2021-05-09 10:39
LEALL,Cadeia ou Morte?,0,2021-05-09 10:40
Bruxo 021,Nota de 200,0,2021-05-09 10:40
Dropallien,Alotrópico,0,2021-05-09 10:40
KBrum,Ali Baba,0,2021-05-09 10:40
Thxuzz,Plantão,0,2021-05-09 10:40
SD9,40°.40,0,2021-05-09 10:40
Febem,CRIME,0,2021-05-09 10:40
Derxan,El Chapo,0,2021-05-09 10:40
Putodiparis,Lacroc,36048,2021-05-09 10:40
VND,Bandido Chique,0,2021-05-09 10:40
LEALL,Pedras Amarelas,0,2021-05-09 10:40
SD9,Nigéria 96,0,2021-05-09 10:40
Fleezus,Revolta,0,2021-05-09 10:40
Fleezus,City Runners (feat. Kyan),0,2021-05-09 10:40
Febem,OG,0,2021-05-09 10:40
Kyan,Menor Magrinho,0,2021-05-09 10:40
VND,Mano Você É Playboy,0,2021-05-09 10:40
Derxan,Didier Droga & Ba,0,2021-05-09 10:40
Jean Tassy,Hoje à Noite,0,2021-05-09 10:40
Febem,TRACKSUIT,194818,2021-05-09 10:44
LEALL,Pedras Amarelas,137865,2021-05-09 10:46
Fleezus,City Runners (feat. Kyan),166474,2021-05-09 10:49
Derxan,Didier Droga & Ba,159464,2021-05-09 10:51
Dropallien,Alotrópico,109834,2021-05-09 10:53
Febem,TRACKSUIT,1412,2021-05-09 15:38
Febem,TRACKSUIT,159470,2021-05-09 15:41
Dj Guuga,"Volta Bebê, Volta Neném",172972,2021-05-09 15:44
Matheus Fernandes,Baby Me Atende,225671,2021-05-09 15:48
Xand Avião,Não Pode Se Apaixonar,170000,2021-05-09 15:50
Zé Vaqueiro,Volta Comigo BB,10077,2021-05-09 15:51
Os Barões Da Pisadinha,Quero Ver é Me Esquecer (feat. Jorge) - Ao Vivo,147875,2021-05-09 15:53
Vitor Fernandes,Acaso,200890,2021-05-09 15:56
Th CDM,Preta do Cabelo Cacheado,118353,2021-05-09 15:58
Nadson O Ferinha,Na Ponta do Pé - Brega Funk,29353,2021-05-09 15:59
Xand Avião,Ela Aperta a Minha Mente,155014,2021-05-09 16:02
Malibu,Onde Você Mora,253354,2021-05-09 16:06
Papatinho,Final de Semana,201682,2021-05-09 16:10
Malibu,Cigana,265753,2021-05-09 16:14
Luísa Sonza,Cansar Você,176298,2021-05-09 16:17
ANAVITÓRIA,"Amarelo, azul e branco",201452,2021-05-09 16:21
Carol Biazin,Rolê,25833,2021-05-09 16:21
Stefan,Cinco Minutos,565785,2021-05-09 16:30
LUDMILLA,Gato Siamês,195428,2021-05-09 16:34
L7NNON,DA BOCA,23536,2021-05-09 16:37
Stefan,MASHUP 'OS MENINU' II: Direito De Te Amar / Meiga E Abusada / Solução / Para / Ela Vem,193674,2021-05-09 16:37
Stefan,Cinco Minutos,10536,2021-05-09 16:38
Lexa,Quase Lá (feat. Sorriso Maroto),160661,2021-05-09 16:41
Malía,FLOW,49980,2021-05-09 16:42
Mc Livinho,Pilantragem,212625,2021-05-09 16:46
A Banca Records,Outro Dia,232524,2021-05-09 16:50
Kawe,Mds,125142,2021-05-09 16:52
Mc Livinho,Você É Gostosa,84108,2021-05-09 16:53
Mc Livinho,Pressentimento,230295,2021-05-09 16:57
Gaab,Tem Café,262687,2021-05-09 17:02
Mc Livinho,Irmã Gostosa,17106,2021-05-09 17:03
DENNIS,Deixa de Onda (Porra Nenhuma),184999,2021-05-09 17:06
LUDMILLA,Rainha da Favela,160904,2021-05-09 17:08
Pineapple StormTv,Poesia Acústica 10: Recomeçar,1099,2021-05-09 17:09
Israel & Rodolffo,Batom de Cereja - Ao Vivo,140942,2021-05-09 17:27
Dj Guuga,"Volta Bebê, Volta Neném",172972,2021-05-09 17:30
Alok,Liberdade (Quando o Grave Bate Forte),11891,2021-05-09 17:32
Malu,Disco Arranhado - Funk Remix,2807,2021-05-09 17:32
Mc Davi,Bipolar,92880,2021-05-09 17:32
MC Kevin o Chris,Tipo Gin - Ao Vivo,159146,2021-05-09 17:35
Raí Saia Rodada,Tapão Na Raba,175046,2021-05-09 17:38
Jorge & Mateus,Paradigmas,157354,2021-05-09 17:40
Os Barões Da Pisadinha,Quero Ver é Me Esquecer (feat. Jorge) - Ao Vivo,147875,2021-05-09 17:43
Diego & Victor Hugo,Facas - Ao Vivo,115439,2021-05-09 17:45
Fernando & Sorocaba,Só Não Divulga,12317,2021-05-09 17:45
Wesley Safadão,"Ele É Ele, Eu Sou Eu",155209,2021-05-09 17:47
Mc Poze do Rodo,Vida Louca,155675,2021-05-09 17:50
Xand Avião,Não Pode Se Apaixonar,21197,2021-05-09 17:50
Raí Saia Rodada,Tapão Na Raba,10993,2021-05-09 17:52
Niack,Oh Juliana,153077,2021-05-09 17:55
MC Ryan SP,Revoada do Tubarão,2849,2021-05-09 17:56
MC Paulin da Capital,Os Mandrake Curte a Vida,3039,2021-05-09 17:56
MC Hariel,Avisa que é o Funk,4654,2021-05-09 17:56
Mc Talibã,Um Sabadão Desse Uma Lua Dessa,52747,2021-05-09 17:56
Sr. Nescau,"Beat Imatur0 - Eu gosto de você, tchau (Funk Remix)",4357,2021-05-09 17:56
Tília,Aquecimento da Tília,1899,2021-05-09 17:56
MC Marks,Deus é por nós,2945,2021-05-09 17:56
Luísa Sonza,BRABA,129782,2021-05-09 17:58
Mc Zaac,Desce Pro Play (PA PA PA),168507,2021-05-09 18:01
Niack,Na Raba Toma Tapão,164697,2021-05-09 18:16
509-E,Oitavo Anjo,17148,2021-05-09 18:16
MV Bill,Soldado do Morro,4352,2021-05-09 18:16
Dexter,Eu Sô Função,2295,2021-05-09 18:16
Mc Marechal,Primeiro de Abril,249289,2021-05-09 18:20
ADL,Favela Vive 2,9895,2021-05-09 18:20
BK,Top Boys,193834,2021-05-09 18:24
Racionais MC's,"Vida Loka, Pt. 1",2474,2021-05-09 18:24
Djonga,ETERNO,16681,2021-05-09 18:24
Planet Hemp,Mantenha o Respeito,1611,2021-05-09 18:27
Pentagono,É o Moio,173584,2021-05-09 18:27
Rappin' Hood,Rap du Bom Parte II - Mús. Incid.: Odara,19940,2021-05-09 18:27
Rashid,E Se,273320,2021-05-09 18:32
Sabotage,Canão Foi Tão Bom,47978,2021-05-09 18:33
Criolo,Subirusdoistiozin,213573,2021-05-09 18:36
Froid,Flow de Lázaro,157846,2021-05-09 18:39
Rincon Sapiência,Ponta de Lança (Verso Livre),4093,2021-05-09 18:45
MV Bill,L. Gelada - 3 da Madrugada,359053,2021-05-09 18:45
Don L,Beira de Piscina (Remix),45606,2021-05-09 18:46
Rodrigo Ogi,Profissão Perigo,168698,2021-05-09 18:48
Gabriel O Pensador,Linhas Tortas,37149,2021-05-09 18:49
Racionais MC's,Da Ponte pra Cá,2091,2021-05-09 18:49
BK,Castelos & Ruínas,249490,2021-05-09 18:53
509-E,Uh Barato É Louco,19900,2021-05-09 18:54
Djonga,Esquimó,4318,2021-05-09 20:36
509-E,Uh Barato É Louco,5820,2021-05-09 20:36
Marcelo D2,Desabafo / Deixa Eu Dizer,169570,2021-05-09 20:39
Kamau,Só,201280,2021-05-09 20:42
RZO,O Mensageiro,19286,2021-05-09 20:42
Pentagono,O Q?,1429,2021-05-09 20:42
Eloy Polemico,Ouro de Tolo,3109,2021-05-09 20:42
MV Bill,Estilo Vagabundo 3,1510,2021-05-09 20:42
Akira Presidente,Consequências,2863,2021-05-09 20:43
Família Madá,Cristal,2450,2021-05-09 20:44
Kayuá,Gigante da Norte,2518,2021-05-09 20:44
MOB79,Atleta do Ano - Remix,93678,2021-05-09 20:44
Murica,Coral e Cascavel,1758,2021-05-09 20:44
ABRONCA,Pras Bandidas,6058,2021-05-09 20:44
Emicida,Triunfo (A Rua É Nóiz),4098,2021-05-09 20:44
MV Bill,Estilo Vagabundo 1,848,2021-05-09 20:45
Rodrigo Ogi,Virou Canção,6339,2021-05-09 20:45
Don L,Eu Não Te Amo,172474,2021-05-09 20:47
Gabriel O Pensador,Cachimbo da Paz (feat. Lulu Santos),228484,2021-05-09 20:51
Rashid,Bilhete 2.0 (feat. Luccas Carlos),116215,2021-05-09 20:53
Wesley Safadão,"Ele É Ele, Eu Sou Eu",155209,2021-05-09 21:41
Mc Poze do Rodo,Vida Louca,155675,2021-05-09 21:43
Xand Avião,Não Pode Se Apaixonar,170000,2021-05-09 21:46
Israel & Rodolffo,Só de Sacanagem - Ao Vivo,183695,2021-05-09 21:49
Th CDM,Preta do Cabelo Cacheado,158531,2021-05-09 21:52
DJ Ivis,Esquema Preferido (feat. Tarcísio do Acordeon),150001,2021-05-09 21:54
Outkast,Ms. Jackson,270506,2021-05-10 20:32
Outkast,Roses,24334,2021-05-10 20:33
The Notorious B.I.G.,Hypnotize - 2014 Remaster,195727,2021-05-10 20:36
Ice Cube,It Was A Good Day,9073,2021-05-10 20:36
Joey Bada$$,Shine,2961,2021-05-10 20:41
Snoop Dogg,Drop It Like It's Hot,266066,2021-05-10 20:41
Dr. Dre,Forgot About Dre,1754,2021-05-10 20:41
Outkast,SpottieOttieDopaliscious,8543,2021-05-10 20:41
Fat Joe,Sunshine (The Light),2840,2021-05-10 20:41
Thundercat,Them Changes,2504,2021-05-10 20:42
Outkast,Ms. Jackson,3359,2021-05-10 20:42
Snoop Dogg,Gin N Juice (feat. Dat Nigga Daz),6638,2021-05-10 20:42
G-Unit,Smile,7463,2021-05-10 20:42
Joey Bada$$,Love Is Only a Feeling,4925,2021-05-10 20:42
Outkast,"So Fresh, So Clean",2310,2021-05-10 20:42
Nas,N.Y. State of Mind,6987,2021-05-10 20:42
Snoop Dogg,420 (Blaze Up),3899,2021-05-10 20:43
Outkast,Ms. Jackson,21865,2021-05-10 20:43
Nas,Nas Is Like,4392,2021-05-10 20:43
Outkast,The Way You Move (feat. Sleepy Brown),4762,2021-05-10 20:43
The Notorious B.I.G.,Juicy - 2005 Remaster,18048,2021-05-10 20:43
Devin The Dude,Doobie Ashtray,2564,2021-05-10 20:44
JAY-Z,99 Problems,6827,2021-05-10 20:44
Dr. Dre,Still D.R.E.,1355,2021-05-10 20:44
Outkast,B.O.B. - Bombs Over Baghdad,6170,2021-05-10 20:44
Outkast,Hey Ya!,5210,2021-05-10 20:44
Big L,Put It On,11139,2021-05-10 20:44
N.E.R.D,Rockstar,5989,2021-05-10 20:44
ODB,Shimmy Shimmy Ya,3578,2021-05-10 20:44
JAY-Z,Big Pimpin',2093,2021-05-10 20:44
Snoop Dogg,Signs,2806,2021-05-10 20:44
Wu-Tang Clan,Cream,4421,2021-05-10 20:44
Dr. Dre,What's The Difference,22362,2021-05-10 20:45
Outkast,ATLiens,3696,2021-05-10 20:45
JAY-Z,Otis,16510,2021-05-10 20:45
Jurassic 5,What's Golden,7786,2021-05-10 20:45
ScHoolboy Q,Collard Greens,6570,2021-05-10 20:46
The Notorious B.I.G.,Suicidal Thoughts - 2005 Remaster,14895,2021-05-10 20:46
Outkast,Crumblin' Erb,28777,2021-05-10 20:48
Warren G,Party We Will Throw Now!,2975,2021-05-10 20:48
Dr. Dre,Xxplosive,121111,2021-05-10 20:48
JAY-Z,No Church In The Wild,32161,2021-05-10 20:49
Jorge & Mateus,Paradigmas,157354,2021-05-10 23:57
Os Barões Da Pisadinha,Boleto da Casa (Ao Vivo),137382,2021-05-10 23:59
Zé Vaqueiro,Volta Comigo BB,210731,2021-05-11 00:03
Jonas Esticado,Isca,162967,2021-05-11 00:05
Israel & Rodolffo,Só de Sacanagem - Ao Vivo,183695,2021-05-11 00:09
Diego & Arnaldo,Falei pra Tu,192065,2021-05-11 00:12
Wesley Safadão,Confidencial,171379,2021-05-11 00:15
Dj Guuga,"Volta Bebê, Volta Neném",172972,2021-05-11 00:17
Tarcísio do Acordeon,Meia Noite (Você tem meu Whatsapp),237900,2021-05-11 00:21
DJ Ivis,Deixa Eu Ser o Teu Amor,179799,2021-05-11 00:24
Jorge & Mateus,Namorando Com Saudade,174081,2021-05-11 00:27
Xand Avião,Algo Mais (Amante) - Ao Vivo,231680,2021-05-11 00:31
Os Barões Da Pisadinha,Fala Comigo Bebê - Ao Vivo,150933,2021-05-11 00:34
Matheus Fernandes,Baby Me Atende,225671,2021-05-11 00:37
Vitor Fernandes,Acaso,200890,2021-05-11 00:41
Israel & Rodolffo,Fulana - Ao Vivo,190778,2021-05-11 00:44
Diego & Victor Hugo,Foto Não é Fato - Ao Vivo,166759,2021-05-11 00:47
Jorge & Mateus,Hit do Ano,154848,2021-05-11 00:49
DJ Ivis,Esquema Preferido (feat. Tarcísio do Acordeon),190680,2021-05-11 00:53
Th CDM,Preta do Cabelo Cacheado,87286,2021-05-11 00:54
DJ Ivis,Esquema Preferido (feat. Tarcísio do Acordeon),190680,2021-05-11 00:57
Th CDM,Preta do Cabelo Cacheado,158531,2021-05-11 01:00
Os Barões Da Pisadinha,Esquema Preferido - Ao Vivo,201973,2021-05-11 01:04
Malu,Disco Arranhado - Funk Remix,376,2021-05-11 01:05
Mc Davi,Bipolar,2158,2021-05-11 01:05
Mc Davi,Bipolar,3439,2021-05-11 01:05
Israel & Rodolffo,Batom de Cereja - Ao Vivo,3329,2021-05-11 01:05
Malu,Disco Arranhado - Funk Remix,7636,2021-05-11 01:06
Jorge & Mateus,Paradigmas,53274,2021-05-11 01:09
Raí Saia Rodada,Tapão Na Raba,175046,2021-05-11 01:09
Os Barões Da Pisadinha,Quero Ver é Me Esquecer (feat. Jorge) - Ao Vivo,6743,2021-05-11 01:10
Os Barões Da Pisadinha,Quero Ver é Me Esquecer (feat. Jorge) - Ao Vivo,2508,2021-05-11 01:10
Wesley Safadão,"Ele É Ele, Eu Sou Eu",17574,2021-05-11 01:10
Mc Davi,Bipolar,619,2021-05-11 01:10
Israel & Rodolffo,Batom de Cereja - Ao Vivo,604,2021-05-11 01:10
Xand Avião,Não Pode Se Apaixonar,2477,2021-05-11 01:10
Fernando & Sorocaba,Só Não Divulga,6439,2021-05-11 01:10
Th CDM,Preta do Cabelo Cacheado,3132,2021-05-11 01:13
Mc Poze do Rodo,Vida Louca,155675,2021-05-11 01:13
DENNIS,Deixa de Onda (Porra Nenhuma),184999,2021-05-11 01:16
Matheus Fernandes,Baby Me Atende,25084,2021-05-11 01:16
Israel & Rodolffo,Só de Sacanagem - Ao Vivo,2690,2021-05-11 01:17
Tarcísio do Acordeon,Meia Noite (Você tem meu Whatsapp),5316,2021-05-11 01:17
Hugo & Guilherme,Coração Na Cama - Ao Vivo,2115,2021-05-11 01:17
Simone & Simaria,Foi Pá Pum,13329,2021-05-11 01:17
Jorge & Mateus,Lance Individual,10908,2021-05-11 01:17
Vitor Fernandes,Acaso,19209,2021-05-11 01:17
Zé Neto & Cristiano,Alô Ambev (Segue Sua Vida) - Ao Vivo,16667,2021-05-11 01:18
Vitor Fernandes,Vou falar que não quero,2575,2021-05-11 01:18
Matheus & Kauan,É Problema,5081,2021-05-11 01:18
Zé Vaqueiro,Volta Comigo BB,4255,2021-05-11 01:18
Kawe,Mds,125142,2021-05-11 01:20
Bruno & Marrone,Último Beijo,18056,2021-05-11 01:23
Teto,M4,170000,2021-05-11 01:23
Tz da Coronel,Anota Placa,3923,2021-05-11 01:24
Marília Mendonça,Troca de Calçada,3266,2021-05-11 01:24
L7NNON,Freio da Blazer,180000,2021-05-11 01:27
DJ Matt D,Tipo Gringa,114143,2021-05-11 01:29
Kawe,Mds,132,2021-05-11 01:29
Teto,Paypal,4823,2021-05-11 01:29
KayBlack,A Cunhada,2713,2021-05-11 01:29
Filipe Ret,F* F* M*,2521,2021-05-11 01:29
KayBlack,A Cunhada,167937,2021-05-11 01:32
Kawe,Mds,60030,2021-05-11 01:33
Abbot,Hylander,4360,2021-05-12 16:32
Teto,M4,43348,2021-05-12 16:32
Teto,M4,0,2021-05-12 16:32
Abbot,Hylander,1313,2021-05-12 16:35
Teto,M4,386,2021-05-12 16:35
Teto,M4,169251,2021-05-12 16:35
Abbot,Hylander,12120,2021-05-12 16:36
MC Caverinha,Meu Corre,3800,2021-05-12 16:36
Jovem Dex,Fogo,2083,2021-05-12 16:36
Jovem Dex,Fogo,290,2021-05-12 16:36
Kawe,Mds,123428,2021-05-12 16:38
Jé Santiago,Tt,2922,2021-05-12 16:40
Jé Santiago,Tt,694,2021-05-12 16:40
Teto,M4,153580,2021-05-12 16:40
Matuê,Máquina do Tempo,1823,2021-05-12 16:41
Jé Santiago,Tt,11134,2021-05-12 16:41
KayBlack,Panamera,3322,2021-05-12 16:41
MC Cabelinho,OUTRO PATAMAR,3263,2021-05-12 16:41
UCLÃ,21,1660,2021-05-12 16:41
Matuê,Máquina do Tempo,62097,2021-05-12 16:45
Evanescence,Everybody's Fool,195880,2021-05-13 17:40
Lynyrd Skynyrd,Free Bird,11394,2021-05-13 17:43
Evanescence,Lithium,224106,2021-05-13 17:43
Evanescence,Bring Me To Life,235893,2021-05-13 17:47
Evanescence,Bring Me To Life,4432,2021-05-13 17:49
Evanescence,My Immortal,103699,2021-05-13 17:49
Evanescence,Going Under,214946,2021-05-13 17:53
Evanescence,Call Me When You're Sober,16681,2021-05-13 17:54
Teto,M4,30028,2021-05-13 17:58
Teto,M4,2717,2021-05-13 17:58
Teto,M4,319271,2021-05-13 18:06
Abbot,Hylander,8605,2021-05-13 18:07
Matuê,777-666,0,2021-05-13 18:07
Jovem Dex,Fogo,1970,2021-05-13 18:07
L7NNON,Freio da Blazer,6074,2021-05-13 18:09
Matuê,777-666,119946,2021-05-13 18:09
Matuê,777-666,56466,2021-05-13 18:10
SD9,40°.40,11635,2021-05-13 18:12
Matuê,777-666,5008,2021-05-13 18:12
Jovem Dex,Fogo,134738,2021-05-13 18:12
Thxuzz,Sosa Jr,8223,2021-05-13 18:13
SD9,40°.40,66006,2021-05-13 18:14
Sant,Ensaio Sobre a Lucidez,740,2021-05-13 18:14
Rashid,Diário de Bordo 6,15140,2021-05-13 18:14
Teto,Paypal,135213,2021-05-13 18:16
Rashid,Diário de Bordo 6,265763,2021-05-13 21:40
Mc Poze do Rodo,Vida Louca,1652,2021-05-13 21:40
Djonga,Xapralá,2278,2021-05-13 21:41
PAPATRACKS,Jogando pra Tropa (Papatracks #5),1346,2021-05-13 21:41
Filipe Ret,Não Desista Agora,1285,2021-05-13 21:41
Sant,OPRES,234960,2021-05-13 21:44
Salvador Da Rima,Porta Voz,2145,2021-05-13 21:45
Haikaiss,No Toque da Meca,6319,2021-05-13 21:45
Febem,ME PAGA (feat. Djonga),3535,2021-05-13 21:45
Sant,Ensaio Sobre a Lucidez,3169,2021-05-13 21:45
Pedro Lotto,Do Lixo ao Luxo,2569,2021-05-13 21:45
MC Cabelinho,OUTRO PATAMAR,1927,2021-05-13 21:45
Mac Júlia,Jogo Sujo,2273,2021-05-13 21:45
Teto,Paypal,1157,2021-05-13 21:45
LUDMILLA,Gato Siamês,1741,2021-05-13 21:45
Pineapple StormTv,Perfil #85: Nego Livre,6258,2021-05-13 21:45
Salvador Da Rima,19 Anos,3700,2021-05-13 21:45
Sest,Suíte 14 (feat. Djonga),5068,2021-05-13 21:45
Costa Gold,O Pai Tá On,2573,2021-05-13 21:45
Murica,Coral e Cascavel,130536,2021-05-13 21:48
MV Bill,Nóiz Mermo,271023,2021-05-13 21:52
MV Bill,Nossa Lei,8944,2021-05-13 21:53
BK,Filho do Fim do Mundo,31627,2021-05-13 21:54
Rashid,E Se,273320,2021-05-13 21:58
BK,Movimento,6153,2021-05-13 21:59
Kamau,Evolução na Locução,2839,2021-05-13 21:59
MOB79,Atleta do Ano - Remix,1313,2021-05-13 21:59
Sidoka,Importante,20995,2021-05-13 21:59
ConeCrewDiretoria,Doce Doce,2530,2021-05-13 21:59
Rashid,Coisas Dessa Vida,139020,2021-05-13 22:01
BK,Top Boys,193834,2021-05-13 22:05
ConeCrewDiretoria,Homenagem à liberdade,18191,2021-05-13 22:05
UCLÃ,Fiu Fiu,2819,2021-05-13 22:05
Edi Rock,That's My Way,2003,2021-05-13 22:05
Don L,Fazia Sentido,24586,2021-05-13 22:05
Teto,M4,475975,2021-05-14 12:39
MC Caverinha,Meu Corre,149364,2021-05-14 12:41
Jovem Dex,Fogo,118985,2021-05-14 12:43
KayBlack,Vivências,4261,2021-05-14 12:44
UCLÃ,Gatinha,3804,2021-05-14 12:44
KayBlack,Fio a Fio,53813,2021-05-14 12:44
Matuê,777-666,5770,2021-05-14 12:44
DJ Matt D,Set 2.0: Homenagem aos Relíquias,5863,2021-05-14 12:44
Tropa do Bruxo,Oclin e Evoque,3160,2021-05-14 12:44
Kawe,Brilho,4933,2021-05-14 12:48
Abbot,Hylander,3216,2021-05-14 12:48
Jovem Dex,Tapa,28108,2021-05-14 12:48
Yunk Vino,30 Dias,219848,2021-05-14 12:48
Orochi,Fiquei Rico Cedo,3704,2021-05-14 12:48
Jovem Dex,Chanel,3959,2021-05-14 12:49
Sidoka,Me Equivoquei,3406,2021-05-14 12:49
Salvador Da Rima,Vergonha pra Midia,5412,2021-05-14 12:49
NGC Daddy,Bendito,3913,2021-05-14 12:49
ConeCrewDiretoria,Sem planta,8289,2021-05-14 12:50
Kyan,Preto e Dinheiro,3192,2021-05-14 12:50
Racionais MC's,Estilo Cachorro,133240,2021-05-14 12:52
ADL,Favela Vive,349767,2021-05-14 12:58
Dexter,Eu Sô Função,2284,2021-05-14 12:58
BK,Castelos & Ruínas,249490,2021-05-14 13:02
Criolo,É o Teste,279720,2021-05-14 13:07
Sabotage,Canão Foi Tão Bom,1514,2021-05-14 13:08
MC Igu,223,34803,2021-05-14 13:08
Rincon Sapiência,Ponta de Lança (Verso Livre),2376,2021-05-14 13:08
Rashid,Bilhete 2.0 (feat. Luccas Carlos),2947,2021-05-14 13:08
Rappin' Hood,Rap du Bom Parte II - Mús. Incid.: Odara,1679,2021-05-14 13:08
Marcelo D2,Desabafo / Deixa Eu Dizer,1909,2021-05-14 13:09
Marcelo D2,Desabafo / Deixa Eu Dizer,1624,2021-05-14 13:09
Rodrigo Ogi,Profissão Perigo,78857,2021-05-14 13:09
Mc Marechal,Primeiro de Abril,5481,2021-05-14 13:09
Emicida,Triunfo (A Rua É Nóiz),1226,2021-05-14 13:09
Emicida,Triunfo (A Rua É Nóiz),209373,2021-05-14 13:13
Planet Hemp,Mantenha o Respeito,16622,2021-05-14 13:15
BK,Antes dos Gigantes Chegarem,3375,2021-05-14 13:15
Kawe,Mds,125142,2021-05-14 13:15
MC Igu,Bolso**,2385,2021-05-14 13:15
Ndee Naldinho,O 5° Vigia,1745,2021-05-14 13:16
Bruxo 021,Nota de 200,2458,2021-05-14 13:16
Sant,OPRES,9442,2021-05-14 13:16
Xis,Us Mano e as Mina,1224,2021-05-14 13:16
Sabotage,Respeito É pra Quem Tem,1459,2021-05-14 13:16
Criolo,Subirusdoistiozin,2592,2021-05-14 13:16
Rashid,Diário de Bordo 6,2992,2021-05-14 13:16
ConeCrewDiretoria,Chama os mulekes,2415,2021-05-14 13:16
Rappin' Hood,Zé Brasileiro,4578,2021-05-14 13:16
De Leve,Vai vendo,2646,2021-05-14 13:16
Nandx710,Meu Lado da História,8203,2021-05-14 13:16
Racionais MC's,Tempos Difíceis,2162,2021-05-14 13:17
Consciência Humana,Lei da Periferia,20655,2021-05-14 13:17
UCLÃ,21,9862,2021-05-14 13:17
slipmami,acha que a vida é um morango,1846,2021-05-14 13:20
Rincon Sapiência,Linhas de Soco,205048,2021-05-14 13:20
Kamau,Só,160212,2021-05-14 13:23
Dropallien,Alotrópico,1464,2021-05-14 13:23
Eloy Polemico,Ouro de Tolo,254214,2021-05-14 13:27
MV Bill,Nóiz Mermo,46924,2021-05-14 13:28
MV Bill,Nóiz Mermo,79581,2021-05-14 14:00
509-E,Uh Barato É Louco,2347,2021-05-14 14:00
RZO,"Pirituba, Pt. 1",1741,2021-05-14 14:18
Tz da Coronel,Anota Placa,4517,2021-05-15 23:49
Orochi,Lobo,5051,2021-05-15 23:49
L7NNON,Freio da Blazer,5027,2021-05-15 23:49
Jovem Dex,Money Rain,11678,2021-05-15 23:49
Mc Poze do Rodo,Vida Louca,4726,2021-05-15 23:49
DJ Matt D,Tipo Gringa,10885,2021-05-15 23:51
Teto,M4,170000,2021-05-15 23:54
Teto,Paypal,34038,2021-05-15 23:55
Kawe,Mds,125142,2021-05-15 23:57
Kawe,Iluminado,768,2021-05-16 00:13
Kawe,Iluminado,93777,2021-05-22 15:48
Hungria Hip Hop,Legacy,4008,2021-05-22 15:51
L7NNON,Mais Que Isso,18468,2021-05-22 15:51
Rincon Sapiência,Cotidiano,172727,2021-05-22 15:51
Haikaiss,No Toque da Meca,2939,2021-05-22 15:52
Tribo da Periferia,Resiliência,3101,2021-05-22 15:52
Froid,Kyoto,186709,2021-05-22 15:55
Kayuá,Celebrar,240000,2021-05-22 15:59
Rashid,Diário de Bordo 6,265763,2021-05-22 16:03
Mc Poze do Rodo,Vida Louca,155675,2021-05-22 16:06
Djonga,Xapralá,228631,2021-05-22 16:10
Felp 22,157,141333,2021-05-22 16:12
Sanza,Ondatop,172740,2021-05-22 16:15
PAPATRACKS,Jogando pra Tropa (Papatracks #5),192786,2021-05-22 16:18
Sain,Iori Incorporado,166057,2021-05-22 16:21
Sant,OPRES,234960,2021-05-22 16:25
Pineapple StormTv,Perfil #85: Nego Livre,1142,2021-05-22 16:28
Filipe Ret,F* F* M*,176000,2021-05-22 16:28
Pelé MilFlows,Devo Nada Pra Ninguém,3219,2021-05-22 16:28
Costa Gold,O Pai Tá On,1688,2021-05-22 16:28
MV Bill,Nóiz Mermo,271023,2021-05-22 16:32
Sest,Suíte 14 (feat. Djonga),230839,2021-05-22 16:36
Salvador Da Rima,Porta Voz,69401,2021-05-22 16:37
MC Cabelinho,OUTRO PATAMAR,9017,2021-05-22 16:38
LUDMILLA,Gato Siamês,1021,2021-05-22 16:38
Fleezus,Eu Ainda,1783,2021-05-22 16:38
Febem,ME PAGA (feat. Djonga),0,2021-05-22 16:40
Sant,Ensaio Sobre a Lucidez,141935,2021-05-22 16:40
Mac Júlia,Jogo Sujo,1598,2021-05-22 16:40
Teto,Paypal,10609,2021-05-22 16:40
Costa Gold,Ai Bebê,1762,2021-05-22 16:41
Costa Gold,Ciclone,2376,2021-05-22 16:41
Criolo,Sistema Obtuso,5735,2021-05-22 16:41
Kawe,Mandelão,3129,2021-05-22 16:41
Pedro Lotto,Do Lixo ao Luxo,1769,2021-05-22 16:41
Marginal Supply,A Fila Anda,1814,2021-05-22 16:41
Papatinho,Final de Semana,1268,2021-05-22 16:41
Orochi,Fiquei Rico Cedo,0,2021-05-22 16:41
Sabotage,Monstro Invisível,1957,2021-05-22 16:41
Cabal,Mete Marcha,2041,2021-05-22 16:41
Jhony Mc,Minha Cor Vai Viver,1869,2021-05-22 16:41
Black Alien,Chuck Berry,170627,2021-05-22 16:44
BIN,Saturno,186947,2021-05-22 16:47
Garganta Negra,Mil Perdões,33071,2021-05-22 16:48
BK,Mudando o Jogo,157270,2021-05-22 16:50
JayA Luuck,Praya,36822,2021-05-22 16:51
Marcelo Falcão,Céu Aberto,2345,2021-05-22 16:51
Cynthia Luz,Campo Minado,1744,2021-05-22 16:51
ADL,Favela Vive 4,1731,2021-05-22 16:51
Mainstreet,Assault (Angra),1648,2021-05-22 16:51
L7NNON,Nada é pra sempre,2479,2021-05-22 16:51
Febem,MÉXICO,1735,2021-05-22 16:51
Sagaz,Noua,1803,2021-05-22 16:51
Kawe,De 90 pra Cá,1962,2021-05-22 16:51
Papatinho,Lance Criminoso (feat. BK),2274,2021-05-22 16:51
Kyan,Preto e Dinheiro,664,2021-05-22 16:51
Tropa do Bruxo,Oclin e Evoque,1135,2021-05-22 16:51
BIN,Quase uma Semana,1774,2021-05-22 16:51
Rincon Sapiência,Tem Que Tá Veno (Verso Livre),1542,2021-05-22 16:51
Pineapple StormTv,Poesia Acústica 10: Recomeçar,1518,2021-05-22 16:51
Kant,Click Clack Bum,2372,2021-05-22 17:08
Drake,What’s Next,4732,2021-05-26 14:19
SpotemGottem,Beat Box 3 (feat. DaBaby),2247,2021-05-26 14:19
Future,Life Is Good (feat. Drake),4641,2021-05-26 14:19
Internet Money,Lemonade,6746,2021-05-26 14:19
Lil Nas X,HOLIDAY,151806,2021-05-26 14:21
Baby Keem,durag activity (with Travis Scott),109745,2021-05-26 14:23
Rincon Sapiência,Fé no Jogo,11981,2021-05-26 14:25
Julio Secchin,Jovem,4919,2021-05-26 14:25
Criolo,Lion Man,205440,2021-05-26 14:28
FBC,Auto Ajuda,170649,2021-05-26 14:31
Black Alien,Vai Baby,12503,2021-05-26 14:31
Rincon Sapiência,A Coisa Tá Preta,2739,2021-05-26 14:32
Planet Hemp,Dig Dig Dig (Hempa),2432,2021-05-26 14:32
Don L,Aquela Fé,2483,2021-05-26 14:32
Criolo,Sucrilhos,240226,2021-05-26 14:36
Rincon Sapiência,Mundo Manicongo - A COLORS SHOW,2793,2021-05-26 14:38
Black Alien,Au Revoir,2936,2021-05-26 14:38
Edi Rock,Um Novo Amanhã,5855,2021-05-26 14:38
Sabotage,Cantando pro Santo,3808,2021-05-26 14:38
MV Bill,Soldado do Morro,112078,2021-05-26 14:38
Criolo,Esquiva da Esgrima,223873,2021-05-26 14:42
Rashid,Vício,3582,2021-05-26 14:42
Flora Matos,ÁGUA DE CÔCO,4131,2021-05-26 14:42
Rincon Sapiência,Bon Voyage (Crioulo em Paris),2290,2021-05-26 14:42
Rincon Sapiência,Mete Dança (Verso Livre),1635,2021-05-26 14:46
Rico Dalasam,Braille,6439,2021-05-26 14:46
Emicida,Baiana,233320,2021-05-26 14:46
Baco Exu do Blues,Tardes Que Nunca Acabam,25060,2021-05-26 14:50
Criolo,Boca de Lobo,227046,2021-05-26 14:50
Rincon Sapiência,Hoje Tem Batuque,2324,2021-05-26 14:50
Nill,Nego Drama Pt. II,2367,2021-05-26 14:50
Akira Presidente,Double Cup,12979,2021-05-26 14:50
Planet Hemp,Legalize Já - Versão 2017,1482,2021-05-26 14:50
Criolo,Duas de Cinco,101463,2021-05-26 14:54
Black Alien,Rolo Compressor,1012,2021-05-26 14:55
Planet Hemp,Ex-Quadrilha da Fumaça,13406,2021-05-26 14:55
Black Alien,Carta Pra Amy,90,2021-05-26 14:55
Black Alien,Carta Pra Amy,15744,2021-05-26 14:55
Criolo,Cartão de Visita,22744,2021-05-26 14:55
MV Bill,Estilo Vagabundo,1204,2021-05-26 14:55
Baco Exu do Blues,Flamingos,2643,2021-05-26 14:55
Criolo,Duas de Cinco,631,2021-05-26 14:55
Rincon Sapiência,Estilo Maloca,8971,2021-05-26 14:55
Coruja Bc1,Éramos Tipo Funk,3539,2021-05-26 14:56
Rincon Sapiência,Sensação,2059,2021-05-26 14:56
ConeCrewDiretoria,"Rap, Cerva, Erva e Muita Larica",1657,2021-05-26 15:00
Flora Matos,TOCA DISCOS,2129,2021-05-26 15:00
Tassia Reis,Se Avexe Não,3216,2021-05-26 15:00
Rincon Sapiência,Sinfonia da Revolução,4571,2021-05-26 15:00
Nill,Minha Mulher Acha Que Eu Sou o Brad Pitt,2154,2021-05-26 15:00
Edi Rock,Abram-se os Caminhos,2312,2021-05-26 15:00
Rincon Sapiência,Resenha de Futebol,2868,2021-05-26 15:00
ConeCrewDiretoria,Chefe de Quadrilha,235540,2021-05-26 15:00
Black Alien,From Hell do Céu,1588,2021-05-26 15:00
Criolo,Grajauex,8285,2021-05-26 15:00
Sabotage,Monstro Invisível,6305,2021-05-26 15:00
Black Alien,Chuck Berry,986,2021-05-26 15:00
DJ Caique,Dia Chuvoso,3502,2021-05-26 15:00
Rincon Sapiência,Cotidiano,172727,2021-05-26 15:04
Criolo,Ainda Há Tempo,20021,2021-05-26 15:08
Flora Matos,MEDITO E ME ACALMO,1149,2021-05-26 15:08
Rincon Sapiência,Me Nota,195685,2021-05-26 15:08
Black Alien,Aniversário de Sobriedade,4979,2021-05-26 15:08
FBC,SE EU NÃO TE CANTAR,156647,2021-05-26 15:27
Pineapple StormTv,Poesia Acústica 10: Recomeçar,4027,2021-05-26 21:22
Teto,M4,103613,2021-05-26 21:25
KayBlack,Vivências,1284,2021-06-01 00:30
KayBlack,Fio a Fio,130,2021-06-01 00:30
KayBlack,Fio a Fio,1578,2021-06-01 00:30
Matuê,777-666,708,2021-06-01 00:30
Matuê,777-666,0,2021-06-01 00:30
Teto,M4,39659,2021-06-01 00:30
MC Caverinha,Meu Corre,4215,2021-06-01 00:30
Jovem Dex,Fogo,3100,2021-06-01 00:30
Jovem Dex,Fogo,72574,2021-06-01 00:31
KayBlack,Vivências,708,2021-06-01 00:32
KayBlack,Vivências,87,2021-06-01 00:32
Tz da Coronel,Corte do Jaca,0,2021-06-01 00:32
Tz da Coronel,Corte do Jaca,3792,2021-06-01 00:32
UCLÃ,Gatinha,1042,2021-06-01 00:32
KayBlack,Fio a Fio,4656,2021-06-01 00:32
Matuê,777-666,2507,2021-06-01 00:32
Matuê,777-666,161332,2021-06-01 00:34
KayBlack,Vivências,25727,2021-06-01 00:35
VMZ,Plutão,5422,2021-06-01 00:35
Kawe,Brilho,2450,2021-06-01 00:35
Abbot,Hylander,708,2021-06-01 00:35
Tz da Coronel,Corte do Jaca,708,2021-06-01 00:35
Sidoka,Me Equivoquei,2689,2021-06-01 00:35
Jovem Dex,Tapa,7063,2021-06-01 00:35
UCLÃ,Gatinha,3797,2021-06-01 00:35
Yunk Vino,30 Dias,4935,2021-06-01 00:35
Orochi,Fiquei Rico Cedo,2461,2021-06-01 00:35
DJ Matt D,Set 2.0: Homenagem aos Relíquias,1823,2021-06-01 00:35
Tropa do Bruxo,Oclin e Evoque,1986,2021-06-01 00:35
Jovem Dex,Chanel,1823,2021-06-01 00:36
Jé Santiago,Tt,5469,2021-06-01 00:36
Abbot,Hylander,15128,2021-06-01 00:36
Sidoka,Me Equivoquei,2984,2021-06-01 00:36
Salvador Da Rima,Vergonha pra Midia,1625,2021-06-01 00:36
Kyan,Preto e Dinheiro,708,2021-06-01 00:36
Jovem Dex,Chanel,0,2021-06-01 00:38
Jé Santiago,Tt,455,2021-06-01 00:38
Abbot,Hylander,0,2021-06-01 00:38
Sidoka,Me Equivoquei,0,2021-06-01 00:38
Salvador Da Rima,Vergonha pra Midia,0,2021-06-01 00:38
Orochi,Fiquei Rico Cedo,0,2021-06-01 00:38
Kyan,Preto e Dinheiro,0,2021-06-01 00:38
UCLÃ,21,117177,2021-06-01 00:38
Kawe,Brilho,27834,2021-06-01 00:39
Orochi,Fiquei Rico Cedo,0,2021-06-01 16:35
Kawe,Brilho,81962,2021-06-01 16:36
Rincon Sapiência,Cotidiano,172727,2021-06-01 16:39
Trilha Sonora do Gueto,Reflexões,10174,2021-06-01 16:43
Black Alien,Jamais Serão,2557,2021-06-01 16:43
Rincon Sapiência,Afro Rep,231120,2021-06-01 16:43
MV Bill,Estilo Vagabundo,20369,2021-06-01 16:43
Nill,Regras da Loja,713,2021-06-01 16:44
ConeCrewDiretoria,O mundo deu voltas,3608,2021-06-01 16:44
RZO,Paz Interior,9232,2021-06-01 16:44
Rincon Sapiência,Coisas de Brasil,161,2021-06-01 16:44
Rincon Sapiência,Galanga Livre,5745,2021-06-01 16:47
Flora Matos,O Jeito,17494,2021-06-01 16:47
Black Alien,Aniversário de Sobriedade,164902,2021-06-01 16:47
ADL,Favela Vive 3,3517,2021-06-01 16:51
Emicida,A Ordem Natural das Coisas (feat. Mc Tha),227906,2021-06-01 16:51
MV Bill,Nóiz Mermo,271023,2021-06-01 16:55
Black Alien,Rolo Compressor,11072,2021-06-01 16:56
Baco Exu do Blues,Humanos Não Matam Deuses,663,2021-06-01 16:56
Baco Exu do Blues,Humanos Não Matam Deuses,6458,2021-06-01 16:56
Planet Hemp,Stab,10912,2021-06-01 16:56
Rincon Sapiência,Mundo Manicongo,2268,2021-06-01 16:56
Rincon Sapiência,Mundo Manicongo,924,2021-06-01 16:56
Baco Exu do Blues,Humanos Não Matam Deuses,93350,2021-06-01 16:58
Planet Hemp,Stab,43654,2021-06-01 16:58
Sabotage,Monstro Invisível,9590,2021-06-01 16:59
Criolo,Vasilhame,172440,2021-06-01 17:01
Rincon Sapiência,Real Oficial,5271,2021-06-01 17:01
Black Alien,Sangue de Free,2930,2021-06-01 17:02
Rico Dalasam,Mudou Como?,2520,2021-06-01 17:02
Emicida,Levanta e Anda,150439,2021-06-01 17:04
Drik Barbosa,Seu abraço,6564,2021-06-01 17:04
509-E,Oitavo Anjo,5050,2021-06-01 17:04
Rincon Sapiência,Só Moleque Bom,2137,2021-06-01 17:04
Black Alien,Que Nem o Meu Cachorro,211363,2021-06-01 17:08
Rico Dalasam,Braille,56164,2021-06-01 17:09
Rincon Sapiência,Fé no Jogo,6769,2021-06-01 17:14
Emicida,Ooorra - Ao Vivo,284693,2021-06-01 17:14
ConeCrewDiretoria,"Rap, Cerva, Erva e Muita Larica",6608,2021-06-01 17:17
FBC,SE EU NÃO TE CANTAR,158936,2021-06-01 17:17
Don L,Depois das Três,173298,2021-06-01 17:20
Rashid,Vício,109819,2021-06-01 17:21
Rincon Sapiência,Sensação,3397,2021-06-01 17:22
Rincon Sapiência,Malícia,2122,2021-06-01 17:23
Emicida,"Eminência Parda (feat. Dona Onete, Jé Santiago & Papillon)",5229,2021-06-01 17:23
Emicida,9nha (feat. Drik Barbosa),64906,2021-06-01 17:23
Rincon Sapiência,A Noite É Nossa,2258,2021-06-01 17:23
Sabotage,O Gatilho,3397,2021-06-01 17:23
Mano Brown,Mulher Elétrica,6681,2021-06-01 17:23
Planet Hemp,Dig Dig Dig (Hempa),1420,2021-06-01 17:23
Emicida,"Eminência Parda (feat. Dona Onete, Jé Santiago & Papillon)",244186,2021-06-01 17:27
Planet Hemp,Dig Dig Dig (Hempa),11752,2021-06-01 17:27
Rico Dalasam,Expresso Sudamericah,78137,2021-06-01 17:29
Rincon Sapiência,Amor e Calor,2724,2021-06-01 17:29
ConeCrewDiretoria,Rainha da pista,2375,2021-06-01 17:29
Criolo,Tô Pra Ver,254520,2021-06-01 17:33
Emicida,Pequenas Alegrias da Vida Adulta (feat. Marcos Valle e Thiago Ventura),239059,2021-06-01 17:37
Trilha Sonora do Gueto,Face Oculta,10897,2021-06-01 17:37
Rincon Sapiência,Moça Namoradeira,5956,2021-06-01 17:41
Baco Exu do Blues,Esú,248000,2021-06-01 17:41
Don L,kelefeeling (verso livre),4685,2021-06-01 17:41
Criolo,Sistema Obtuso,4479,2021-06-01 17:42
Don L,kelefeeling (verso livre),204923,2021-06-01 17:45
Criolo,Sistema Obtuso,199130,2021-06-01 17:48
Mano Brown,Gangsta Boogie,201626,2021-06-01 17:52
Rincon Sapiência,Arrastão,2387,2021-06-01 17:53
Sabotage,País da Fome: Homens Animais,38785,2021-06-01 17:53
Flora Matos,ÁGUA DE CÔCO,47787,2021-06-01 17:53
Baco Exu do Blues,Ela É Gostosa Pra Caralho,3315,2021-06-01 17:53
FBC,Auto Ajuda,170649,2021-06-01 17:56
Emicida,"Cananéia, Iguape e Ilha Comprida",14722,2021-06-01 17:56
Rincon Sapiência,Andar Com Fé,19803,2021-06-01 17:57
Criolo,Convoque Seu Buda,231240,2021-06-01 18:01
Baco Exu do Blues,En Tu Mira,162789,2021-06-01 18:03
Karol Conká,Dilúvio,3539,2021-06-01 18:04
Rincon Sapiência,Cotidiano,1344,2021-06-01 18:04
Edi Rock,Um Novo Amanhã,17899,2021-06-01 18:04
Emicida,AmarElo (Sample: Sujeito de Sorte - Belchior),320800,2021-06-01 18:09
Black Alien,Take Ten,7970,2021-06-01 18:18
Rincon Sapiência,Hoje Tem Batuque,2782,2021-06-01 18:18
ConeCrewDiretoria,Chama os mulekes,3839,2021-06-01 18:18
Nill,Nego Drama Pt. II,56191,2021-06-01 18:18
Rincon Sapiência,Malícia,1242,2021-06-01 18:19
Baco Exu do Blues,Tardes Que Nunca Acabam,22672,2021-06-01 18:19
Sabotage,No Brooklin,2656,2021-06-01 18:19
Sabotage,Cocaína,7203,2021-06-01 18:19
Rincon Sapiência,Ponta de Lança (Verso Livre),2224,2021-06-01 18:19
Rashid,Sobrou Silêncio,2631,2021-06-01 18:19
Karol Conká,É o Poder,2967,2021-06-01 18:19
Flora Matos,Como Faz - Acústico,4323,2021-06-01 18:19
Black Alien,From Hell do Céu,1637,2021-06-01 18:19
ConeCrewDiretoria,Calma na alma,5078,2021-06-01 18:19
Sabotage,Love Song (A Maior Dor de um Homem),5188,2021-06-01 18:20
Akira Presidente,Sem Colete,14491,2021-06-01 18:20
Rincon Sapiência,Onda Sabor e Cor,2479,2021-06-01 18:20
Flora Matos,"Pretin (Verão, Pt. 1)",5585,2021-06-01 18:20
Criolo,Cartão de Visita,7674,2021-06-01 18:20
Black Alien,Real Gold,2728,2021-06-01 18:20
Rincon Sapiência,Amores às Escuras,3693,2021-06-01 18:20
Akira Presidente,Double Cup,0,2021-06-01 18:20
Drik Barbosa,Quem Tem Joga,2801,2021-06-01 18:20
Rincon Sapiência,Tem Que Tá Veno (Verso Livre),0,2021-06-01 18:20
Sabotage,Cantando pro Santo,40523,2021-06-01 18:21
Flora Matos,Perdendo o Juízo,3891,2021-06-01 18:21
Criolo,Fermento Pra Massa,19030,2021-06-01 18:22
Planet Hemp,Legalize Já - Versão 2017,2351,2021-06-01 18:22
Rincon Sapiência,Linhas de Soco,251726,2021-06-01 18:26
Emicida,"Trevo, Figuinha e Suor na Camisa",8597,2021-06-01 18:26
Sabotage,Mun Rá,6564,2021-06-01 18:26
Baco Exu do Blues,Sinfonia do Adeus,184000,2021-06-01 18:29
Black Alien,Perícia Na Delícia,12787,2021-06-01 18:30
Rincon Sapiência,Transporte Público (Remistura),217852,2021-06-01 18:33
Don L,"Morra Bem, Viva Rápido",259964,2021-06-01 18:37
Planet Hemp,Contexto,225293,2021-06-01 18:41
Flora Matos,TOCA DISCOS,1342,2021-06-01 18:42
Nill,Control,7140,2021-06-01 18:42
Nill,Control,2271,2021-06-01 18:42
Criolo,Fellini,20968,2021-06-01 18:42
Baco Exu do Blues,BB King,2713,2021-06-01 18:42
Black Alien,Na Segunda Vinda,2271,2021-06-01 18:42
SNJ,Pensamentos,2213,2021-06-01 18:42
Síntese,Se Escute,10238,2021-06-01 18:42
Rincon Sapiência,A Volta pra Casa,1335,2021-06-01 18:42
Rincon Sapiência,Estilo Maloca,1012,2021-06-01 18:42
Rincon Sapiência,Estilo Maloca,7731,2021-06-01 18:42
Don L,Aquela Fé,2089,2021-06-01 18:42
Sabotage,Rap É Compromisso,1938,2021-06-01 18:43
Don L,Eu Não Te Amo,3887,2021-06-01 18:43
Black Alien,Área 51,1445,2021-06-01 18:43
Rincon Sapiência,Neguin Di Kebra Pt 2 - Ao Vivo,2442,2021-06-01 18:43
Rincon Sapiência,Não Sei Pra Onde,5691,2021-06-01 18:43
Nill,Minha Mulher Acha Que Eu Sou o Brad Pitt,7822,2021-06-01 18:43
ConeCrewDiretoria,Chefe de Quadrilha,6019,2021-06-01 18:43
Don L,Beira de Piscina (Remix),6339,2021-06-01 18:43
Black Alien,Vai Baby,5410,2021-06-01 18:43
Emicida,Triunfo (A Rua É Nóiz),8536,2021-06-01 18:43
Rincon Sapiência,Ostentação à Pobreza,3972,2021-06-01 18:44
Rincon Sapiência,Malícia,1226,2021-06-01 18:44
Criolo,Pé de Breque,6262,2021-06-01 18:44
Sabotage,Respeito É Lei,14762,2021-06-01 18:44
Baco Exu do Blues,Te Amo Disgraça,1657,2021-06-01 18:44
Black Alien,Au Revoir,56384,2021-06-01 18:45
Sabotage,Respeito É pra Quem Tem,1994,2021-06-01 18:45
Rincon Sapiência,Sinfonia da Revolução,2430,2021-06-01 18:45
Trilha Sonora do Gueto,Vida Loka Também Ama,3500,2021-06-01 18:45
Karol Conká,Bate a Poeira Parte II,3746,2021-06-01 18:45
Criolo,Espiral de Ilusão,220800,2021-06-01 18:49
Planet Hemp,Queimando Tudo,172573,2021-06-01 18:52
Baco Exu do Blues,Última Noite,76296,2021-06-01 18:53
Sabotage,Um Bom Lugar,23536,2021-06-01 18:53
Doja Cat,Kiss Me More (feat. SZA),6725,2021-06-03 13:49
Lupillo Rivera,Grandes Ligas,12428,2021-06-03 13:49
Lil Nas X,MONTERO (Call Me By Your Name),2242,2021-06-03 13:50
Lil Nas X,MONTERO (Call Me By Your Name),0,2021-06-03 13:50
Olivia Rodrigo,good 4 u,2736,2021-06-03 13:50
Olivia Rodrigo,good 4 u,3347,2021-06-03 13:50
BTS,Butter,6038,2021-06-03 13:50
Joel Corry,BED,20183,2021-06-03 13:51
Racionais MC's,Da Ponte pra Cá,3243,2021-06-03 13:52
FBC,17 Anos,215118,2021-06-03 13:55
Emicida,AmarElo (Sample: Sujeito de Sorte - Belchior),320800,2021-06-03 14:00
KayBlack,A Cunhada,1006,2021-06-03 14:02
Baco Exu do Blues,Te Amo Disgraça,116710,2021-06-03 14:02
Don L,Eu Não Te Amo,1054,2021-06-03 14:03
Emicida,A Ordem Natural das Coisas (feat. Mc Tha),2519,2021-06-03 14:03
L7NNON,Freio da Blazer,1501,2021-06-03 14:03
Froid,Flow de Lázaro,2132,2021-06-03 14:03
Rincon Sapiência,Ponta de Lança (Verso Livre),1931,2021-06-03 14:03
Gaab,Tem Café,1701,2021-06-03 14:03
Mc Livinho,Pilantragem,1679,2021-06-03 14:03
Teto,Paypal,1241,2021-06-03 14:03
Bruxo 021,762,2107,2021-06-03 14:03
Mc Poze do Rodo,Vida Louca,2799,2021-06-03 14:03
A Banca 021,Libra,9586,2021-06-03 14:06
FBC,Auto Ajuda,170649,2021-06-03 14:06
Baco Exu do Blues,Sinfonia do Adeus,11692,2021-06-03 14:06
Um Barril de Rap,Carteira de Habilitação,7676,2021-06-03 14:06
KayBlack,Vivências,2123,2021-06-03 14:07
Don L,Depois das Três,3303,2021-06-03 14:07
Matuê,Máquina do Tempo,1293,2021-06-03 14:07
Yunk Vino,30 Dias,12326,2021-06-03 14:07
Orochi,Fiquei Rico Cedo,1272,2021-06-03 14:07
FBC,Superstar,125794,2021-06-03 14:09
Nill,Nego Drama Pt. II,92823,2021-06-03 14:10
Djonga,JUNHO DE 94,8139,2021-06-03 14:11
MC Kevin o Chris,Tipo Gin - Ao Vivo,2153,2021-06-03 14:11
Planet Hemp,Mantenha o Respeito,786,2021-06-03 14:11
Baco Exu do Blues,999,1591,2021-06-03 14:11
BK,Almas,3417,2021-06-03 14:11
FBC,Frank & Tikão,1431,2021-06-03 14:11
Vulgo FK,Desce Aí (Flow Drake),13081,2021-06-03 14:11
Rincon Sapiência,Cotidiano,1263,2021-06-03 14:11
Emicida,Ooorra - Ao Vivo,815,2021-06-03 14:11
Teto,M4,888,2021-06-03 14:11
Don L,kelefeeling (verso livre),1612,2021-06-03 14:11
Aka Rasta,Et,1643,2021-06-03 14:11
Emicida,Baiana,1441,2021-06-03 14:11
Sest,Suíte 14 (feat. Djonga),456,2021-06-03 14:11
Baco Exu do Blues,Esú,248000,2021-06-03 14:15
Marcelo D2,Pode Acreditar (Meu Laiá Laiá),181858,2021-06-03 14:19
FBC,$ENHOR,254350,2021-06-03 14:23
Sabotage,Um Bom Lugar,1915,2021-06-03 14:23
KayBlack,Fio a Fio,12109,2021-06-03 14:23
Dj Guuga,"Volta Bebê, Volta Neném",2150,2021-06-03 14:23
Salvador Da Rima,Vergonha pra Midia,1088,2021-06-03 14:23
Jean Tassy,Hoje à Noite,11442,2021-06-03 14:23
Elenko Week,Hit Periférico #1,4082,2021-06-03 14:23
FBC,THC,2125,2021-06-03 14:24
Criolo,Espiral de Ilusão,2562,2021-06-03 14:24
Mc Poze do Rodo,Vida Louca,19657,2021-06-03 14:26
Renan Inquérito,Tristeza,178786,2021-06-03 14:29
Renan Inquérito,Versos Vegetarianos,212426,2021-06-03 14:33
Renan Inquérito,Sonhos,202626,2021-06-03 14:36
Renan Inquérito,Cidade Sem Cor,218480,2021-06-03 14:40
Renan Inquérito,Rosa do Morro,1098,2021-06-03 14:42
Renan Inquérito,18K de Sorriso,135251,2021-06-03 14:42
Renan Inquérito,Alma Lavada,22069,2021-06-03 14:42
Renan Inquérito,Mister M,171466,2021-06-03 14:45
Renan Inquérito,Meu Super Herói,267253,2021-06-03 14:50
Renan Inquérito,Som pra Ladrão,214106,2021-06-03 14:53
Renan Inquérito,Nego Negô,58691,2021-06-03 14:54
The Weeknd,Blinding Lights,200040,2021-06-03 14:58
Justin Bieber,Peaches (feat. Daniel Caesar & Giveon),4464,2021-06-03 14:58
The Weeknd,Save Your Tears,18823,2021-06-03 14:58
Justin Bieber,Peaches (feat. Daniel Caesar & Giveon),1146,2021-06-03 14:59
Justin Bieber,Peaches (feat. Daniel Caesar & Giveon),105190,2021-06-03 15:00
Djonga,Xapralá,3555,2021-06-03 19:27
Sant,OPRES,0,2021-06-03 19:27
Sant,OPRES,2242,2021-06-03 19:27
Rashid,E Se,273320,2021-06-03 19:31
Febem,CRIME,188330,2021-06-03 19:35
FBC,Auto Ajuda,170649,2021-06-03 19:37
BK,Castelos & Ruínas,249490,2021-06-03 19:42
Rincon Sapiência,Cotidiano,172727,2021-06-03 19:44
Froid,Flow de Lázaro,157846,2021-06-03 19:47
Racionais MC's,"Vida Loka, Pt. 1",303560,2021-06-03 19:52
JAY-Z,No Church In The Wild,272506,2021-06-03 19:57
Sant,Entre Becos e Vielas,173333,2021-06-03 20:00
Filipe Ret,Invicto,56477,2021-06-03 20:01
Rappin' Hood,Us Guerreiro,1328,2021-06-03 20:01
ConeCrewDiretoria,Chama os mulekes,1106,2021-06-03 20:01
Felp 22,157,9843,2021-06-03 20:01
Febem,MÉXICO,4197,2021-06-03 20:01
FBC,MONEY MANIN,1647,2021-06-03 20:01
Emicida,Triunfo (A Rua É Nóiz),209373,2021-06-03 20:04
MV Bill,Estilo Vagabundo 3,48646,2021-06-03 20:05
Mc Marechal,Primeiro de Abril,249289,2021-06-03 20:09
Eloy Polemico,Ouro de Tolo,254214,2021-06-03 20:14
Filipe Ret,Asfalto do Catete,88305,2021-06-03 20:15
Rashid,Diário de Bordo 6,265763,2021-06-03 20:20
MV Bill,Estilo Vagabundo,4238,2021-06-03 20:20
RZO,"Pirituba, Pt. 1",33772,2021-06-03 20:20
Black Alien,Chuck Berry,170627,2021-06-03 20:23
BK,Mudando o Jogo,157270,2021-06-03 20:26
Makalister,Poetas no Topo 1,398478,2021-06-03 20:32
FBC,leve 3,20191,2021-06-03 20:37
Sabotage,Mun Rá,275373,2021-06-03 20:37
ConeCrewDiretoria,Homenagem à liberdade,3627,2021-06-03 20:38
Dropallien,Alotrópico,14543,2021-06-03 20:38
PAPATRACKS,Jogando pra Tropa (Papatracks #5),1796,2021-06-03 20:38
PAPATRACKS,Jogando pra Tropa (Papatracks #5),145719,2021-06-03 20:41
PAPATRACKS,Jogando pra Tropa (Papatracks #5),2739,2021-06-08 14:07
Kamau,Só,201280,2021-06-08 14:11
Djonga,Ó Quem Chega,222219,2021-06-08 14:14
Renan Inquérito,Versos Vegetarianos,212426,2021-06-08 14:18
Dropallien,Alotrópico,37239,2021-06-08 14:19
FBC,Auto Ajuda,170649,2021-06-08 14:21
Kawe,Brilho,19293,2021-06-08 14:22
Racionais MC's,"Vida Loka, Pt. 1",1412,2021-06-08 14:22
Sabotage,Um Bom Lugar,316,2021-06-08 14:22
ConeCrewDiretoria,Chama os mulekes,2401,2021-06-08 14:22
JAY-Z,No Church In The Wild,6360,2021-06-08 14:22
Febem,OG,22897,2021-06-08 14:22
Emicida,"Eminência Parda (feat. Dona Onete, Jé Santiago & Papillon)",242439,2021-06-08 14:26
FBC,17 Anos,1057,2021-06-08 14:30
Lil Nas X,HOLIDAY,10808,2021-06-08 14:30
Djonga,BENÇA,224255,2021-06-08 14:30
Filipe Ret,Invicto,663,2021-06-08 14:32
Costa Gold,A Praia,2263,2021-06-08 14:32
Facção Central,A Minha Voz Está no Ar,4960,2021-06-08 14:32
MV Bill,Soldado do Morro,305,2021-06-08 14:32
Rashid,E Se,20325,2021-06-08 14:33
Febem,ME PAGA (feat. Djonga),493,2021-06-08 14:33
Criolo,Boca de Lobo,6325,2021-06-08 14:33
Rincon Sapiência,Me Nota,3713,2021-06-08 14:33
Emicida,Triunfo (A Rua É Nóiz),4776,2021-06-08 14:33
Rashid,Diário de Bordo 6,265763,2021-06-08 14:37
BK,Top Boys,1728,2021-06-08 14:38
Rincon Sapiência,Linhas de Soco,251,2021-06-08 14:38
Planet Hemp,Contexto,1363,2021-06-08 14:38
Sant,OPRES,1203,2021-06-08 14:38
UCLÃ,Gatinha,1388,2021-06-08 14:38
ConeCrewDiretoria,Chama os mulekes,1335,2021-06-08 14:38
Mc Marechal,Primeiro de Abril,21089,2021-06-08 14:38
Black Alien,Chuck Berry,617,2021-06-08 14:38
Rincon Sapiência,Linhas de Soco,251726,2021-06-08 14:42
Sant,OPRES,234960,2021-06-08 14:46
Dalsin,Black Tie,238363,2021-06-08 14:50
Eloy Polemico,Ouro de Tolo,254214,2021-06-08 14:54
Edi Rock,That's My Way,339773,2021-06-08 15:00
Criolo,Lion Man,205440,2021-06-08 15:03
Emicida,"Eminência Parda (feat. Dona Onete, Jé Santiago & Papillon)",1557,2021-06-08 15:04
RZO,Rolê na Vila,32485,2021-06-08 15:04
Lívia Cruz,Marginais Livres,175608,2021-06-08 15:07
Ber,Dez a Dez,284000,2021-06-08 15:12
Pentagono,O Q?,252480,2021-06-08 15:16
Rashid,E Se,273320,2021-06-08 15:20
Emicida,Baiana,60002,2021-06-08 15:21
Ty Dolla $ign,"Or Nah (feat. The Weeknd, Wiz Khalifa & DJ Mustard) - Remix",84902,2021-06-09 16:13
The Weeknd,Blinding Lights,200040,2021-06-09 16:17
The Weeknd,Save Your Tears,31126,2021-06-09 16:17
Emicida,AmarElo (Sample: Sujeito de Sorte - Belchior),320800,2021-06-09 16:23
Criolo,É o Teste,279720,2021-06-09 16:27
ÀTTØØXXÁ,Faz a Egypsia (ARE BABA),87328,2021-06-09 16:40
Racionais MC's,"Vida Loka, Pt. 1",3391,2021-06-12 19:10
Renan Inquérito,Cidade Sem Cor,4251,2021-06-12 19:10
RZO,"Pirituba, Pt. 2",1400,2021-06-12 19:10
509-E,Mile Dias,2133,2021-06-12 19:11
Black Alien,Chuck Berry,170627,2021-06-12 19:13
BK,Castelos & Ruínas,249490,2021-06-12 19:18
FBC,Auto Ajuda,170649,2021-06-12 19:21
MV Bill,Nóiz Mermo,271023,2021-06-12 19:25
Sant,OPRES,234960,2021-06-12 19:29
Rashid,E Se,214380,2021-06-12 19:33
Emicida,"Eminência Parda (feat. Dona Onete, Jé Santiago & Papillon)",2295,2021-06-12 19:36
Baco Exu do Blues,Esú,179910,2021-06-12 19:36
Renan Inquérito,Tristeza,172314,2021-06-12 19:38
Rincon Sapiência,Cotidiano,172727,2021-06-12 19:41
Eloy Polemico,Ouro de Tolo,1513,2021-06-12 19:48
Racionais MC's,Da Ponte pra Cá,405642,2021-06-12 19:48
Sabotage,Rap É Compromisso,57774,2021-06-12 19:49
Filipe Ret,Asfalto do Catete,88305,2021-06-12 19:51
Froid,Flow de Lázaro,157846,2021-06-12 19:53
Ndee Naldinho,O 5° Vigia,18870,2021-06-12 19:57
Kamau,Só,201280,2021-06-12 19:57
Snoop Dogg,Drop It Like It's Hot,266066,2021-06-12 20:01
Baco Exu do Blues,En Tu Mira,162789,2021-06-12 20:04
Baco Exu do Blues,En Tu Mira,5265,2021-06-12 20:07
Renan Inquérito,Versos Vegetarianos,190665,2021-06-12 20:07
Renan Inquérito,Versos Vegetarianos,212426,2021-06-12 20:11
Emicida,Triunfo (A Rua É Nóiz),209373,2021-06-12 20:14
Don L,Depois das Três,184412,2021-06-12 20:18
Sant,Entre Becos e Vielas,173333,2021-06-12 20:20
Racionais MC's,Mil Faces de um Homem Leal (Marighella),299722,2021-06-15 20:04
BK,Top Boys,1364,2021-06-15 20:05
Renan Inquérito,Som pra Ladrão,5787,2021-06-15 20:05
FBC,Ela É Green,3654,2021-06-15 20:05
Baco Exu do Blues,999,1227,2021-06-15 20:05
Sant,Ensaio Sobre a Lucidez,2635,2021-06-15 20:05
Racionais MC's,Jesus Chorou,27992,2021-06-15 20:05
JAY-Z,No Church In The Wild,1736,2021-06-15 20:05
Emicida,Ooorra - Ao Vivo,1447,2021-06-15 20:05
MV Bill,Estilo Vagabundo 3,2219,2021-06-15 20:05
Rincon Sapiência,Transporte Público (Remistura),1547,2021-06-15 20:05
Don L,Beira de Piscina (Remix),3633,2021-06-15 20:05
Black Alien,Aniversário de Sobriedade,1488,2021-06-15 20:05
Criolo,Sistema Obtuso,199130,2021-06-15 20:09
Froid,Flow de Lázaro,157846,2021-06-15 20:12
Filipe Ret,Reús,18802,2021-06-15 20:12
Kamau,Só,201280,2021-06-15 20:15
Don L,Eu Não Te Amo,291243,2021-06-15 20:20
Rashid,Diário de Bordo 6,265763,2021-06-15 20:25
FBC,Auto Ajuda,170649,2021-06-15 20:28
Febem,MÉXICO,165408,2021-06-15 20:31
Kant,Role Play,225007,2021-06-15 20:35
Eloy Polemico,Ouro de Tolo,125222,2021-06-15 20:37
Don L,Depois das Três,20665,2021-06-16 15:09
Don L,Depois das Três,2782,2021-06-16 15:09
MV Bill,Nóiz Mermo,9753,2021-06-16 15:09
Renan Inquérito,Tristeza,2759,2021-06-16 15:09
MV Bill,Nóiz Mermo,271023,2021-06-16 15:14
Renan Inquérito,Tristeza,178786,2021-06-16 15:17
FBC,Auto Ajuda,170649,2021-06-16 15:20
Sant,OPRES,207300,2021-06-16 15:23
Baco Exu do Blues,En Tu Mira,1613,2021-06-16 15:23
Froid,Flow de Lázaro,957,2021-06-16 15:23
Rincon Sapiência,Cotidiano,384,2021-06-16 15:23
BK,Castelos & Ruínas,1718,2021-06-16 15:23
Emicida,Triunfo (A Rua É Nóiz),0,2021-06-16 15:23
Emicida,Levanta e Anda,1908,2021-06-16 15:24
Filipe Ret,Jamais Serão,1658,2021-06-16 15:24
Snoop Dogg,Drop It Like It's Hot,0,2021-06-16 15:24
Snoop Dogg,Drop It Like It's Hot,1881,2021-06-16 15:24
Kawe,Iluminado,1554,2021-06-16 15:24
Racionais MC's,"Vida Loka, Pt. 1",2320,2021-06-16 15:24
Haikaiss,Supersticiosa,2497,2021-06-16 15:24
Filipe Ret,Asfalto do Catete,1746,2021-06-16 15:24
Pedro Lotto,Do Lixo ao Luxo,2840,2021-06-16 15:24
Eloy Polemico,Ouro de Tolo,0,2021-06-16 15:24
Kant,Inferno de Kant,1701,2021-06-16 15:24
Renan Inquérito,Versos Vegetarianos,204,2021-06-16 15:24
Renan Inquérito,Versos Vegetarianos,623,2021-06-16 15:24
Don L,"Morra Bem, Viva Rápido",100,2021-06-16 15:24
BK,Mudando o Jogo,1621,2021-06-16 15:24
Febem,CRIME,2341,2021-06-16 15:24
BK,Castelos & Ruínas,959,2021-06-16 15:24
Dexter,Eu Sô Função,1660,2021-06-16 15:24
Kayuá,Celebrar,661,2021-06-16 15:24
Emicida,Triunfo (A Rua É Nóiz),3274,2021-06-16 15:24
Djonga,BENÇA,2842,2021-06-16 15:24
Kamau,Só,710,2021-06-16 15:25
Rashid,E Se,0,2021-06-16 15:25
Cacife Clandestino,Fuga,13923,2021-06-16 15:25
Froid,Negro É Foda,5397,2021-06-16 15:25
Somos Nós A Justiça,Se Tu Lutas Tu Conquistas,5993,2021-06-16 15:25
Renan Inquérito,Meu Super Herói,1185,2021-06-16 15:25
Sest,Suíte 14 (feat. Djonga),6096,2021-06-16 15:25
Sant,Ensaio Sobre a Lucidez,141935,2021-06-16 15:27
Criolo,Sistema Obtuso,199130,2021-06-16 15:31
Rincon Sapiência,Transporte Público (Remistura),36321,2021-06-16 15:31
Dropallien,Alotrópico,3902,2021-06-16 15:34
Tribo da Periferia,Cegonha,1209,2021-06-16 15:34
Black Alien,Aniversário de Sobriedade,164902,2021-06-16 15:34
Murica,Coral e Cascavel,133400,2021-06-16 15:36
Djonga,LADRÃO,1051,2021-06-16 15:37
Sain,Hoodfellas,34075,2021-06-16 15:37
Racionais MC's,A Vítima,1043,2021-06-16 15:37
509-E,Uh Barato É Louco,1567,2021-06-16 15:53
Sant,OPRES,234960,2021-06-16 22:15
Baco Exu do Blues,En Tu Mira,162789,2021-06-16 22:17
Froid,Flow de Lázaro,157846,2021-06-16 22:20
Rincon Sapiência,Cotidiano,172727,2021-06-16 22:23
Emicida,Triunfo (A Rua É Nóiz),209373,2021-06-16 22:26
BK,Castelos & Ruínas,249490,2021-06-16 22:30
Kawe,Iluminado,200625,2021-06-16 22:34
Filipe Ret,Jamais Serão,243716,2021-06-16 22:38
Kayuá,Celebrar,240000,2021-06-16 22:42
Febem,CRIME,188330,2021-06-16 22:45
Don L,"Morra Bem, Viva Rápido",259964,2021-06-16 22:49
Racionais MC's,"Vida Loka, Pt. 1",303560,2021-06-16 22:54
Djonga,BENÇA,224255,2021-06-16 22:58
Haikaiss,Supersticiosa,47772,2021-06-16 22:59
Pedro Lotto,Do Lixo ao Luxo,5215,2021-06-16 22:59
Snoop Dogg,Drop It Like It's Hot,30001,2021-06-16 23:03
Renan Inquérito,Versos Vegetarianos,212426,2021-06-16 23:03
Snoop Dogg,Drop It Like It's Hot,5255,2021-06-16 23:07
Eloy Polemico,Ouro de Tolo,2456,2021-06-16 23:07
BK,Mudando o Jogo,157270,2021-06-16 23:09
Dexter,Eu Sô Função,9100,2021-06-16 23:10
MC Zaquin,Não Nasceu pra Namorar,6228,2021-06-18 14:56
MC Zaquin,Não Nasceu pra Namorar,62460,2021-06-18 14:57
Mc Davi,Bipolar,70483,2021-06-18 14:58
Rincon Sapiência,Afro Rep,5080,2021-06-20 19:40
Don L,kelefeeling (verso livre),204923,2021-06-20 19:43
Sant,Ensaio Sobre a Lucidez,141935,2021-06-20 19:45
Baco Exu do Blues,Humanos Não Matam Deuses,135111,2021-06-20 19:48
Renan Inquérito,Mister M,171466,2021-06-20 19:50
BK,Top Boys,3242,2021-06-20 19:51
Filipe Ret,Invicto,1867,2021-06-20 19:51
FBC,Auto Ajuda,0,2021-06-20 19:51
MV Bill,O Soldado Que Fica,16643,2021-06-20 19:51
Costa Gold,Ciclone,715,2021-06-20 19:51
ADL,Favela Vive,3500,2021-06-20 19:51
Black Alien,Chuck Berry,14037,2021-06-20 19:51
Don L,Eu Não Te Amo,2852,2021-06-20 19:57
Kawe,Brilho,3256,2021-06-20 19:57
MV Bill,Nóiz Mermo,0,2021-06-20 19:57
Kant,Role Play,201,2021-06-20 19:57
Filipe Ret,Neurótico de Guerra,3448,2021-06-20 19:57
Murica,Coral e Cascavel,1657,2021-06-20 19:57
Sant,Entre Becos e Vielas,0,2021-06-20 19:57
FBC,se brotar,836,2021-06-20 19:57
Rincon Sapiência,Cotidiano,0,2021-06-20 19:57
Renan Inquérito,Versos Vegetarianos,525,2021-06-20 19:57
ADL,Favela Vive,330527,2021-06-20 19:57
BK,Castelos & Ruínas,765,2021-06-20 19:57
Black Alien,Chuck Berry,2418,2021-06-20 19:57
ConeCrewDiretoria,"Rap, Cerva, Erva e Muita Larica",1867,2021-06-20 19:58
ADL,Favela Vive 4,4146,2021-06-20 19:58
FBC,Levar a Sério,146898,2021-06-20 20:00
Sant,OPRES,90002,2021-06-20 20:02
The Weeknd,Blinding Lights,200040,2021-06-21 01:42
The Weeknd,Save Your Tears,215626,2021-06-21 01:45
The Weeknd,The Hills,225123,2021-06-21 01:49
The Weeknd,In Your Eyes,7382,2021-06-21 01:49
The Weeknd,Starboy,150482,2021-06-21 01:52
The Weeknd,Can't Feel My Face,3632,2021-06-21 01:52
The Weeknd,I Feel It Coming,56872,2021-06-21 01:53
Michael Jackson,Smooth Criminal - 2012 Remaster,7137,2021-06-21 01:57
Michael Jackson,Beat It,20804,2021-06-21 01:57
Michael Jackson,Billie Jean,245909,2021-06-21 01:57
Michael Jackson,Smooth Criminal - 2012 Remaster,257760,2021-06-21 02:02
Michael Jackson,Beat It,169933,2021-06-21 02:05
Michael Jackson,The Way You Make Me Feel - 2012 Remaster,2313,2021-06-21 02:05
Michael Jackson,Thriller,2391,2021-06-21 02:05
Michael Jackson,Dirty Diana - 2012 Remaster,17657,2021-06-21 02:08
Michael Jackson,Man in the Mirror - 2012 Remaster,1767,2021-06-21 02:08
Michael Jackson,P.Y.T. (Pretty Young Thing),3053,2021-06-21 02:08
Michael Jackson,Love Never Felt So Good,20084,2021-06-21 02:08
Michael Jackson,Don't Stop 'Til You Get Enough,168870,2021-06-21 02:08
Michael Jackson,Rock with You - Single Version,220626,2021-06-21 02:12
K-Mack,In Baltimore,2871,2021-06-21 02:15
Michael Jackson,Leave Me Alone - 2012 Remaster,105077,2021-06-21 02:15
Hi-Tech,Book of Life,59033,2021-06-21 02:16
Filipe Ret,Corte Americano,6313,2021-06-21 02:19
Teto,M4,170000,2021-06-21 02:19
Reid,Drip da Roça,7876,2021-06-21 02:19
Hungria Hip Hop,Legacy,1687,2021-06-21 02:21
L7NNON,Mais Que Isso,1937,2021-06-21 02:21
Djonga,Nós,6276,2021-06-21 02:21
Kawe,Mds,2163,2021-06-21 02:21
Djonga,Easy Money,70682,2021-06-21 02:21
Kawe,De 90 pra Cá,1344,2021-06-21 02:21
Orochi,Reis da Revoada,2810,2021-06-21 02:21
BIN,Quase uma Semana,1976,2021-06-21 02:21
Costa Gold,O Pai Tá On,1708,2021-06-21 02:21
Tribo da Periferia,Resiliência,2133,2021-06-21 02:33
2Pac,All Eyez On Me (ft. Big Syke),155776,2021-06-23 22:24
2Pac,All Eyez On Me (ft. Big Syke),22535,2021-06-23 22:24
Diddy,Young G's (feat. The Notorious B.I.G. & Jay-Z),3820,2021-06-23 22:24
Hi-Tech,Book of Life,5631,2021-06-23 22:24
Ice Cube,You Know How We Do It,3704,2021-06-23 22:24
Silouette,Rude Girlz - Bonus Track,26583,2021-06-23 22:25
Common,Invocation,8418,2021-06-23 22:28
2Pac,Do For Love,219440,2021-06-23 22:28
The Notorious B.I.G.,Big Poppa - 2005 Remaster,4831,2021-06-23 22:29
Nas,Nas Is Like,15360,2021-06-23 22:29
2Pac,Ambitionz Az A Ridah,4029,2021-06-23 22:29
Dr. Dre,"Nuthin' But A ""G"" Thang",4331,2021-06-23 22:29
K-Mack,In Baltimore,4354,2021-06-23 22:29
Redman,Tonight's Da Night,5469,2021-06-23 22:29
Junior M.A.F.I.A.,Get Money,4322,2021-06-23 22:29
Dr. Dre,Bitches Ain't Shit,5561,2021-06-23 22:29
Ms. Lauryn Hill,Lost Ones,6194,2021-06-23 22:29
Pete Rock,Grown Man Sport,7107,2021-06-23 22:29
Ice Cube,It Was A Good Day,6026,2021-06-23 22:29
Dr. Dre,Fuck Wit Dre Day (And Everybody's Celebratin'),3340,2021-06-23 22:30
N.W.A.,Alwayz Into Somethin',2902,2021-06-23 22:30
Dr. Dre,Let Me Ride,3193,2021-06-23 22:30
Eazy-E,Real Muthaphuckkin' G's,3263,2021-06-23 22:30
Bahamadia,Uknowhowwedu,2125,2021-06-23 22:30
Mobb Deep,"Shook Ones, Pt. II",3356,2021-06-23 22:30
2Pac,Hail Mary,3704,2021-06-23 22:30
The Notorious B.I.G.,Who Shot Ya? - 2005 Remaster,7442,2021-06-23 22:30
Science Of Sound,So You Wanna Be an MC,3868,2021-06-23 22:30
Goodie Mob,Cell Therapy,500,2021-06-23 22:30
The Roots,What They Do,4493,2021-06-23 22:30
2Pac,I Get Around,3332,2021-06-23 22:30
2Pac,Hit 'em Up,5958,2021-06-23 22:30
Finsta Bundy,Don't Stress Tomorrow,391,2021-06-23 22:32
Don L,"Morra Bem, Viva Rápido",4009,2021-06-23 22:35
Lil Baby,Hats Off (feat. Travis Scott),194845,2021-06-23 22:35
Renan Inquérito,Versos Vegetarianos,212426,2021-06-23 22:38
BK,Top Boys,1271,2021-06-23 22:43
Snoop Dogg,Drop It Like It's Hot,478,2021-06-23 22:43
FBC,Auto Ajuda,1426,2021-06-23 22:43
Baco Exu do Blues,En Tu Mira,168,2021-06-23 22:43
Froid,Flow de Lázaro,19592,2021-06-23 22:43
Emicida,"Eminência Parda (feat. Dona Onete, Jé Santiago & Papillon)",953,2021-06-23 22:43
Sain,Iori Incorporado,5404,2021-06-23 22:43
Filipe Ret,Abençoado,0,2021-06-23 22:43
Pineapple StormTv,Perfil #84 - Eu Vim de Lá,1658,2021-06-23 22:43
RZO,"Pirituba, Pt. 1",0,2021-06-23 22:43
Emicida,Ooorra - Ao Vivo,1130,2021-06-23 22:43
Don L,kelefeeling (verso livre),136,2021-06-23 22:43
Rincon Sapiência,Transporte Público (Remistura),269,2021-06-23 22:43
Febem,CRIME,732,2021-06-23 22:43
BK,Castelos & Ruínas,249490,2021-06-23 22:43
Renan Inquérito,Tristeza,357,2021-06-23 22:43
Djonga,BENÇA,881,2021-06-23 22:43
Filipe Ret,Acende a Vela,10759,2021-06-23 22:46
Racionais MC's,Negro Drama (Ao Vivo),1662,2021-06-23 22:46
Lil Nas X,HOLIDAY,154997,2021-06-23 22:46
FBC,Levar a Sério,1990,2021-06-23 22:46
Outkast,Ms. Jackson,270506,2021-06-23 22:51
Febem,MÉXICO,26911,2021-06-23 22:51
Kayuá,Celebrar,240000,2021-06-23 22:55
Racionais MC's,Expresso da Meia-Noite,5644,2021-06-23 22:56
BK,"Amores, Vícios e Obsessões",22509,2021-06-23 22:56
MC Caverinha,Por um Fio,27549,2021-06-23 22:56
Rashid,E Se,845,2021-06-23 22:57
Kant,Role Play,704,2021-06-23 22:57
Criolo,Sistema Obtuso,368,2021-06-23 22:57
Renan Inquérito,Cidade Sem Cor,1741,2021-06-23 22:57
Parteum,Raciocínio Quebrado,3457,2021-06-23 22:57
Matuê,De Alta,36603,2021-06-23 22:57
Racionais MC's,Da Ponte pra Cá,2845,2021-06-23 22:57
Renan Inquérito,Mister M,79026,2021-06-23 22:58
Don L,Depois das Três,883,2021-06-23 22:59
Kamau,Só,133,2021-06-23 22:59
Kawe,Brilho,3644,2021-06-23 22:59
Rincon Sapiência,Linhas de Soco,936,2021-06-23 22:59
Sant,Ensaio Sobre a Lucidez,1543,2021-06-23 22:59
Eloy Polemico,Ouro de Tolo,1092,2021-06-23 22:59
MC Maneirinho,Vou Te Levar - Remix,3293,2021-06-23 22:59
Mano Brown,Mulher Elétrica,1416,2021-06-23 22:59
DaBaby,Red Light Green Light,5972,2021-06-28 15:01
"Tyler, The Creator",LEMONHEAD (feat. 42 Dugg),130980,2021-06-28 15:04
Migos,Modern Day,241790,2021-06-28 15:08
Joyner Lucas,Ramen & OJ,218447,2021-06-28 15:11
Lil Tecca,NEVER LEFT,168727,2021-06-28 15:14
Big Sean,Freshman 10 (Freestyle) [10th Anniversary],45923,2021-06-28 15:15
"Tyler, The Creator",JUGGERNAUT (feat. Lil Uzi Vert & Pharrell Williams),146419,2021-06-28 15:17
Lil Baby,Hats Off (feat. Travis Scott),12453,2021-06-28 15:18
Young Stoner Life,Solid (feat. Drake),215693,2021-06-28 15:21
DJ Khaled,EVERY CHANCE I GET (feat. Lil Baby & Lil Durk),236524,2021-06-28 15:25
DaBaby,Ball If I Want To,112546,2021-06-28 15:27
Ski Mask The Slump God,ADMIT IT,93920,2021-06-28 15:29
"Tyler, The Creator",WUSYANAME (feat. Youngboy Never Broke Again & Ty Dolla $ign),43817,2021-06-28 15:45
Criolo,Sucrilhos,4417,2021-06-29 14:20
Emicida,Ooorra - Ao Vivo,2966,2021-06-29 14:20
Don L,Eu Não Te Amo,174602,2021-06-29 14:23
Froid,Kyoto,2375,2021-06-29 14:23
Snoop Dogg,Drop It Like It's Hot,652,2021-06-29 14:23
Baco Exu do Blues,999,1981,2021-06-29 14:23
Black Alien,Que Nem o Meu Cachorro,1626,2021-06-29 14:23
Rincon Sapiência,Afro Rep,1095,2021-06-29 14:23
Pentagono,O Q?,1366,2021-06-29 14:23
Filipe Ret,War - Remix,1381,2021-06-29 14:23
Rashid,Diário de Bordo 6,4038,2021-06-29 14:23
JAY-Z,No Church In The Wild,1057,2021-06-29 14:23
Rincon Sapiência,Cotidiano,676,2021-06-29 14:23
Djonga,Vírgula,2111,2021-06-29 14:23
BK,Mudando o Jogo,881,2021-06-29 14:23
L7NNON,Hitmaker,2308,2021-06-29 14:23
509-E,Uh Barato É Louco,1261,2021-06-29 14:23
Hungria Hip Hop,Legacy,32560,2021-06-29 14:27
Kamau,Só,201280,2021-06-29 14:27
Filipe Ret,Libertários Não Morrem,1618,2021-06-29 14:30
Criolo,Subirusdoistiozin,181960,2021-06-29 14:30
"Tyler, The Creator",LEMONHEAD (feat. 42 Dugg),5998,2021-06-29 14:30
MV Bill,Estilo Vagabundo,1430,2021-06-29 14:30
Baco Exu do Blues,Sinfonia do Adeus,1712,2021-06-29 14:30
Lil Nas X,HOLIDAY,1037,2021-06-29 14:30
Renan Inquérito,Tristeza,1786,2021-06-29 14:30
Sain,Rosas e Rimas,3324,2021-06-29 14:31
Felp 22,157,1393,2021-06-29 14:31
L7NNON,Gratidão,1160,2021-06-29 14:31
Lil Tecca,NEVER LEFT,1393,2021-06-29 14:31
MV Bill,Estilo Vagabundo 3,1495,2021-06-29 14:31
Matuê,Lama no Copo,2316,2021-06-29 14:31
Renan Inquérito,Meu Super Herói,1789,2021-06-29 14:31
Dexter,Eu Sô Função,720,2021-06-29 14:31
Black Alien,Aniversário de Sobriedade,4658,2021-06-29 14:31
Emicida,Triunfo (A Rua É Nóiz),811,2021-06-29 14:31
Djonga,BENÇA,960,2021-06-29 14:31
Rincon Sapiência,Linhas de Soco,223444,2021-06-29 14:35
Criolo,Sistema Obtuso,347,2021-06-29 14:35
Black Alien,Vai Baby,1697,2021-06-29 14:35
BK,Caminhos,141567,2021-06-29 14:37
Sabotage,Rap É Compromisso,392,2021-06-29 14:37
Renan Inquérito,Som pra Ladrão,1455,2021-06-29 14:37
Borges,Seu Lugar,1678,2021-06-29 14:37
Froid,Flow de Lázaro,1179,2021-06-29 14:37
Filipe Ret,Cobaia de Deus,1607,2021-06-29 14:37
Rincon Sapiência,Transporte Público (Remistura),1343,2021-06-29 14:37
Djonga,O Mundo é Nosso,205563,2021-06-29 14:41
Sain,Rosas e Rimas,2813,2021-06-29 14:41
Black Alien,Carta Pra Amy,1914,2021-06-29 14:41
Oriente,O Vagabundo e a Dama,1501,2021-06-29 14:41
Froid,Crystal - Acústico,1789,2021-06-29 14:41
Marcelo D2,Você Diz Que O Amor Não Dói,2315,2021-06-29 14:41
Sabotage,Mun Rá,1737,2021-06-29 14:41
Pirâmide Perdida,Dispiei,1690,2021-06-29 14:41
Djonga,Geminiano,1483,2021-06-29 14:41
Black Alien,Chuck Berry,15836,2021-06-29 14:41
Kayuá,Tudo Passa,2725,2021-06-29 14:42
Akira Presidente,Sem Colete,251,2021-06-29 14:42
Froid,Vem Tranquilo,8294,2021-06-29 14:42
Sabotage,Um Bom Lugar,1574,2021-06-29 14:42
Tasha & Tracie,Salve,6034,2021-06-29 14:42
509-E,Oitavo Anjo,9445,2021-06-29 14:42
Black Alien,From Hell do Céu,3201,2021-06-29 14:42
Sabotage,Monstro Invisível,2389,2021-06-29 14:42
Jean Tassy,Nômade IV,6752,2021-06-29 14:42
Djonga,Ricô,2366,2021-06-29 14:42
Marcelo D2,Qual E,2103,2021-06-29 14:46
Flora Matos,MEDITO E ME ACALMO,13425,2021-06-29 14:46
Ramonzin,Vivência,230000,2021-06-29 14:46
Haikaiss,Raplord,3343,2021-06-29 14:52
DV Tribo,Diáspora,315933,2021-06-29 14:52
Trilha Sonora do Gueto,Favela Sinistra,1751,2021-06-29 14:52
Costa Gold,Ciclone,740,2021-06-29 14:52
Rashid,Diário de Bordo 6,265763,2021-06-29 14:56
Trilha Sonora do Gueto,Reflexões,2388,2021-06-29 14:57
Djonga,Nós,1810,2021-06-29 14:57
Jovem Dex,Tapa,3720,2021-06-29 14:57
Nocivo Shomon,R.U.A 8 (Mensageiros),28533,2021-06-29 14:57
Sabotage,No Brooklin,8068,2021-06-29 15:00
CHS,Ponteiros,187242,2021-06-29 15:00
Haikaiss,No Toque da Meca,7358,2021-06-29 15:03
Um Barril de Rap,Resgate do Soldado Brownie,179928,2021-06-29 15:03
Djonga,Easy Money,756,2021-06-29 15:03
Djonga,Easy Money,191219,2021-06-29 15:07
Haikaiss,No Toque da Meca,156256,2021-06-29 15:09
DJ Matt D,Vizinha Chata,2133,2021-06-29 15:09
Jé Santiago,Jack Bauer,5281,2021-06-29 15:13
Instituto,Dama Tereza,12642,2021-06-29 15:13
Oriente,O Vagabundo e a Dama,1299,2021-06-29 15:13
Pineapple StormTv,Poesia Acústica 11: Nada Mudou,3283,2021-06-29 15:13
Gabriel O Pensador,Solitário Surfista / Surfista Solitário,2454,2021-06-29 15:13
Sabotage,O Gatilho,1844,2021-06-29 15:13
Pineapple StormTv,660,1760,2021-06-29 15:13
Dalsin,Vila dos Lençóis,4769,2021-06-29 15:13
Coruja Bc1,Passando a Limpo,209673,2021-06-29 15:13
Djonga,Geminiano,1416,2021-06-29 15:13
Marcelo D2,Ela Disse,1795,2021-06-29 15:13
Jean Tassy,Dose,3096,2021-06-29 15:14
Kayuá,Gorilla,16752,2021-06-29 15:14
Kamau,Contra,85311,2021-06-29 15:26
Kamau,Contra,12935,2021-07-04 20:23
Papatinho,Lance Criminoso (feat. BK),2906,2021-07-04 20:23
L7NNON,DA BOCA,6677,2021-07-04 20:24
Edi Rock,Foda-Se,58431,2021-07-04 20:24
Jé Santiago,Nintendo Switch,3237,2021-07-04 20:28
Dexter,Voz Ativa,2187,2021-07-04 20:28
Edi Rock,De Onde Eu Venho,5532,2021-07-04 20:28
Kamau,Pensei,127,2021-07-04 20:28
BaianaSystem,Reza Forte,2292,2021-07-04 20:28
Kayuá,Leões,209865,2021-07-04 20:28
Fabio Brazza,Filhos da Diversidade,3206,2021-07-04 20:29
Pineapple StormTv,Poesia Acústica Ep. Jeri,1968,2021-07-04 20:29
Sombra,Mano Eu Vo Ali Comprar um Chá,2059,2021-07-04 20:29
Kayuá,Gigante da Norte,72837,2021-07-04 20:29
ConeCrewDiretoria,Rainha da pista,2936,2021-07-04 20:29
Kamau,Lágrimas do Palhaço,1956,2021-07-04 20:29
L7NNON,Hip Hop Rare,1751,2021-07-04 20:29
Flora Matos,Preta de Quebrada,2034,2021-07-04 20:30
Mac Júlia,Jogo Sujo,7337,2021-07-04 20:30
Racionais MC's,Negro Drama,4505,2021-07-04 20:30
Black Alien,Na Segunda Vinda,2148,2021-07-04 20:30
ConeCrewDiretoria,Sem planta,256,2021-07-04 20:30
Kayuá,Contatos,2134,2021-07-04 20:30
Flora Matos,CONVERSAR COM O MAR,8310,2021-07-04 20:30
Fabio Brazza,Inquilino da Dor,2626,2021-07-04 20:30
Racionais MC's,Negro Drama,34087,2021-07-04 20:31
Black Alien,Sangue de Free,4637,2021-07-04 20:31
Costa Gold,Doce Veneno,2771,2021-07-04 20:31
Costa Gold,Doce Veneno,2678,2021-07-04 20:31
Flora Matos,CONVERSAR COM O MAR,1815,2021-07-04 20:31
Dfideliz,Baila Baby,307,2021-07-04 20:31
Dfideliz,Baila Baby,0,2021-07-04 20:31
Black Alien,Sangue de Free,1954,2021-07-04 20:34
Costa Gold,Doce Veneno,159036,2021-07-04 20:34
Tasha & Tracie,Agouro,2016,2021-07-04 20:34
Alaska,Me Perdoa Mãe,206291,2021-07-04 20:38
Thiago Elniño,Pedagoginga,296668,2021-07-04 20:42
509-E,Saudades Mil,12306,2021-07-04 20:43
De Leve,Pra falar de amor,2681,2021-07-04 20:43
Black Alien,Perícia Na Delícia,3232,2021-07-04 20:43
Budah,Lingerie,2636,2021-07-04 20:43
ZRM,Skatedrink,2247,2021-07-04 20:43
Don L,kelefeeling (verso livre),222,2021-07-04 20:43
Costa Gold,The Cypher Deffect 2,3480,2021-07-04 20:43
Cynthia Luz,Pra Te Envolver,2187,2021-07-04 20:43
DJ Caique,Flor da Pele,246187,2021-07-04 20:47
Mc Poze do Rodo,A Cara do Crime (Nós Incomoda),2374,2021-07-04 20:50
Dalsin,Wallpaper,23079,2021-07-04 20:50
Sain,Notas,13385,2021-07-04 20:50
Dalsin,Vila dos Lençóis,2749,2021-07-04 20:50
Murica,Kung Fu de Rua,143612,2021-07-04 20:50
Criolo,Sistema Obtuso,199130,2021-07-04 20:58
Djonga,Eu,310375,2021-07-04 21:04
Major RD,Corporação Cápsula,131681,2021-07-04 21:06
Racionais MC's,Você Me Deve,159902,2021-07-04 21:08
L7NNON,Mais Que Isso,289,2021-07-04 21:09
Edi Rock,Origens Parte 2,2553,2021-07-04 21:09
Marcelo D2,ROMPEU O COURO.,1360,2021-07-04 21:09
Salvador Da Rima,Estilo Coyote,44212,2021-07-04 21:09
Kyan,Preto e Dinheiro,2526,2021-07-04 21:09
Fabio Brazza,Só Uma Noite,3670,2021-07-04 21:09
Marcelo D2,ROMPEU O COURO.,270062,2021-07-04 21:14
Fabio Brazza,Prazeres Artificiais,9202,2021-07-04 21:15
Edi Rock,Origens Parte 2,39326,2021-07-04 21:15
Filipe Ret,Além do Dinheiro,11755,2021-07-04 21:15
Mc Poze do Rodo,Vida Louca,2119,2021-07-04 21:15
NP Vocal,Veja Bem,179029,2021-07-04 21:18
L7NNON,Inabalável,136791,2021-07-04 21:29
Sarah Beatriz,Basta Acreditar,298035,2021-07-04 21:34
Sarah Beatriz,Canta,97290,2021-07-04 21:36
Sarah Beatriz,O Maior Vilão Sou Eu,273072,2021-07-04 21:40
Sarah Beatriz,Basta Acreditar,38500,2021-07-04 21:41
Sarah Beatriz,Não Te Retires de Mim,252782,2021-07-04 21:45
Sarah Beatriz,Cansei de Ser Assim,299651,2021-07-04 21:50
Marcos Freire,Eu Não Sei Viver - Ao Vivo,179722,2021-07-04 21:53
Sarah Beatriz,Não Te Retires de Mim,252782,2021-07-04 21:57
Sarah Beatriz,Cansei de Ser Assim,299651,2021-07-04 22:02
Marcos Freire,Eu Não Sei Viver - Ao Vivo,43980,2021-07-04 22:03
Anderson Freire,Carta Para Deus,252633,2021-07-04 22:07
Anderson Freire,Canção do Céu,305760,2021-07-04 22:12
Anderson Freire,Coração Valente,240001,2021-07-04 22:16
Mc Poze do Rodo,A Cara do Crime (Nós Incomoda),293716,2021-07-06 15:06
L7NNON,Freio da Blazer,145017,2021-07-06 15:09
Tz da Coronel,Corte do Jaca,130950,2021-07-06 15:11
Filipe Ret,Corte Americano,112628,2021-07-06 15:13
DJ Matt D,Tipo Gringa,93619,2021-07-06 15:14
KayBlack,Vivências,134391,2021-07-06 15:17
Mc Poze do Rodo,Vida Louca,135962,2021-07-06 15:19
Tz da Coronel,Anota Placa,218340,2021-07-06 15:22
KayBlack,Melhor do Ano,124470,2021-07-06 15:24
NGC Daddy,Bag de Grife,40577,2021-07-06 15:28
Teto,Paypal,7094,2021-07-06 15:28
Sidoka,Culpado,192857,2021-07-06 15:28
Borges,Aonde Eu Sou Cria,25623,2021-07-06 15:29
L7NNON,Mais Que Isso,4424,2021-07-06 15:29
Jovem Dex,Money Rain,11092,2021-07-06 15:29
Filipe Ret,F* F* M*,172001,2021-07-06 15:32
KayBlack,A Cunhada,134000,2021-07-06 15:34
Kawe,Mds,110714,2021-07-06 15:36
VMZ,Plutão,7187,2021-07-06 15:37
Orochi,Lobo,47752,2021-07-06 15:37
KayBlack,Fio a Fio,8703,2021-07-06 15:37
Matuê,777-666,3239,2021-07-06 15:37
Teto,M4,3797,2021-07-06 15:37
MC Caverinha,Meu Corre,4907,2021-07-06 15:37
Borges,Contando Dinheiro,17613,2021-07-06 15:38
UCLÃ,Gatinha,10345,2021-07-06 15:38
Jovem Dex,Fogo,3332,2021-07-06 15:38
Chris Beats Zn,Minha Vez,8069,2021-07-06 15:38
Tz da Coronel,Floresta,37847,2021-07-06 15:38
DJ Matt D,Set 2.0: Homenagem aos Relíquias,5283,2021-07-06 15:38
Tropa do Bruxo,Oclin e Evoque,4308,2021-07-06 15:38
Jovem Dex,Chanel,3313,2021-07-06 15:39
Kawe,Brilho,4865,2021-07-06 15:39
Matuê,Máquina do Tempo,3495,2021-07-06 15:39
Jé Santiago,Tt,2729,2021-07-06 15:39
Abbot,Hylander,5608,2021-07-06 15:39
Sidoka,Me Equivoquei,6518,2021-07-06 15:39
Jovem Dex,Tapa,3820,2021-07-06 15:39
MC Cabelinho,OUTRO PATAMAR,3322,2021-07-06 15:39
Yunk Vino,30 Dias,8139,2021-07-06 15:39
Salvador Da Rima,Vergonha pra Midia,2287,2021-07-06 15:39
Orochi,Fiquei Rico Cedo,3286,2021-07-06 15:39
Tropa do Bruxo,Donas do Jogo,12784,2021-07-06 15:39
Kyan,Preto e Dinheiro,2984,2021-07-06 15:39
UCLÃ,21,4308,2021-07-06 15:39
KayBlack,Panamera,3116,2021-07-06 15:40
DJ Matt D,Vizinha Chata,871,2021-07-06 15:40
Mainstreet,Assault (Angra),14199,2021-07-06 15:40
DJ Matt D,"Homenagem aos Relíquias (feat. Menor MC, MC Vinny, MC Julio D.E R. & MC Leozinho ZS)",6885,2021-07-06 15:40
Borges,Onda do Lança,3779,2021-07-06 15:40
Recayd Mob,Mlks de Sp,4365,2021-07-06 15:40
NGC Daddy,Glockada,3913,2021-07-06 15:41
Orochi,Mitsubishi,78844,2021-07-06 15:41
Sidoka,Qq cê tá insinuando,3913,2021-07-06 15:41
Borges,Ak do Flamengo,69700,2021-07-06 15:59
Mainstreet,Assault (Angra),9658,2021-07-10 18:22
Borges,Ak do Flamengo,5770,2021-07-10 18:22
NGC Daddy,Glockada,1313,2021-07-10 18:22
Sidoka,Culpado,4239,2021-07-10 18:22
Tz da Coronel,Corte do Jaca,136000,2021-07-10 18:24
Filipe Ret,Corte Americano,112628,2021-07-10 18:26
DJ Matt D,Tipo Gringa,93619,2021-07-10 18:28
KayBlack,Vivências,134391,2021-07-10 18:30
Mc Poze do Rodo,Vida Louca,135962,2021-07-10 18:32
Tz da Coronel,Anota Placa,218340,2021-07-10 18:36
NGC Daddy,Bag de Grife,41460,2021-07-10 18:38
DJ Matt D,Homenagem Aos Relíquias 4.0,4470,2021-07-10 18:38
KayBlack,Melhor do Ano,124471,2021-07-10 18:38
Borges,Aonde Eu Sou Cria,46,2021-07-10 18:39
MC Hariel,Gestão Inteligente,1800,2021-07-10 18:39
L7NNON,Mais Que Isso,523,2021-07-10 18:39
Jovem Dex,Money Rain,1092,2021-07-10 18:39
Teto,Paypal,2252,2021-07-10 18:39
Criolo,É o Teste,279720,2021-07-10 18:44
Racionais MC's,Você Me Deve,78550,2021-07-10 19:01
Don L,Depois das Três,517,2021-07-15 19:13
Rashid,E Se,0,2021-07-15 19:13
Criolo,Sistema Obtuso,0,2021-07-15 19:13
N.W.A.,Alwayz Into Somethin',0,2021-07-15 19:13
N.W.A.,Alwayz Into Somethin',2111,2021-07-15 19:13
Froid,Flow de Lázaro,6025,2021-07-15 19:13
Froid,Flow de Lázaro,0,2021-07-15 19:13
DJ Khaled,EVERY CHANCE I GET (feat. Lil Baby & Lil Durk),4821,2021-07-15 19:13
Rashid,Diário de Bordo 6,0,2021-07-15 19:13
PAPATRACKS,Jogando pra Tropa (Papatracks #5),2637,2021-07-15 19:13
Young Stoner Life,Solid (feat. Drake),0,2021-07-15 19:13
Young Stoner Life,Solid (feat. Drake),1906,2021-07-15 19:13
Djonga,Easy Money,0,2021-07-15 19:13
Rincon Sapiência,Cotidiano,0,2021-07-15 19:13
Racionais MC's,Você Me Deve,0,2021-07-15 19:13
Racionais MC's,Você Me Deve,8117,2021-07-15 19:13
Sest,Suíte 14 (feat. Djonga),0,2021-07-15 19:13
Djonga,BENÇA,0,2021-07-15 19:13
Don L,Eu Não Te Amo,0,2021-07-15 19:14
Sabotage,Um Bom Lugar,0,2021-07-15 19:14
Sant,Entre Becos e Vielas,0,2021-07-15 19:14
Lil Tecca,NEVER LEFT,45985,2021-07-15 19:14
"Tyler, The Creator",JUGGERNAUT (feat. Lil Uzi Vert & Pharrell Williams),382,2021-07-15 19:14
Xaga,Rei do Blefe,390515,2021-07-15 19:21
Furamil 2Cão,SDDS Sant,326400,2021-07-15 19:26
Furamil 2Cão,Bugatti,66241,2021-07-15 19:28
BK,Castelos & Ruínas,91359,2021-07-15 19:29
Racionais MC's,"Vida Loka, Pt. 1",6797,2021-07-15 19:33
Baco Exu do Blues,En Tu Mira,17920,2021-07-15 19:33
Froid,Flow de Lázaro,118,2021-07-15 19:33
Froid,Flow de Lázaro,1033,2021-07-15 19:33
Rashid,Diário de Bordo 6,2219,2021-07-15 19:33
Rincon Sapiência,Cotidiano,2390,2021-07-15 19:33
Renan Inquérito,Versos Vegetarianos,212426,2021-07-15 19:33
Djonga,BENÇA,1070,2021-07-15 19:33
Djonga,BENÇA,83,2021-07-15 19:33
Froid,Flow de Lázaro,157846,2021-07-15 19:36
Criolo,Sistema Obtuso,2051,2021-07-15 19:40
N.W.A.,Alwayz Into Somethin',1337,2021-07-15 19:40
Rashid,Diário de Bordo 6,220537,2021-07-15 19:40
Young Stoner Life,Solid (feat. Drake),1362,2021-07-15 19:40
Young Stoner Life,Solid (feat. Drake),215693,2021-07-15 19:43
N.W.A.,Alwayz Into Somethin',28099,2021-07-15 19:44
Don L,Depois das Três,1751,2021-07-15 19:47
Rashid,E Se,891,2021-07-15 19:47
Sabotage,Um Bom Lugar,442,2021-07-15 19:47
DJ Khaled,EVERY CHANCE I GET (feat. Lil Baby & Lil Durk),1042,2021-07-15 19:47
PAPATRACKS,Jogando pra Tropa (Papatracks #5),3458,2021-07-15 19:47
Djonga,Easy Money,1864,2021-07-15 19:47
Racionais MC's,Você Me Deve,156089,2021-07-15 19:47
"Tyler, The Creator",JUGGERNAUT (feat. Lil Uzi Vert & Pharrell Williams),14495,2021-07-15 19:47
Sest,Suíte 14 (feat. Djonga),2220,2021-07-15 19:47
Don L,Eu Não Te Amo,255140,2021-07-15 19:51
Sant,Entre Becos e Vielas,1936,2021-07-15 19:51
Lil Tecca,NEVER LEFT,804,2021-07-15 19:51
Dexter,Eu Sô Função,177,2021-07-15 19:52
Um Barril de Rap,Resgate do Soldado Brownie,166660,2021-07-15 19:54
CHS,Ponteiros,10718,2021-07-15 19:54
Djonga,Xapralá,2655,2021-07-15 19:55
Baco Exu do Blues,Esú,1720,2021-07-15 19:55
Renan Inquérito,Meu Super Herói,2013,2021-07-15 19:55
Baco Exu do Blues,Esú,248000,2021-07-15 19:59
Djonga,Xapralá,228631,2021-07-15 20:03
Racionais MC's,Da Ponte pra Cá,86724,2021-07-15 20:04
Criolo,Lion Man,205440,2021-07-15 20:07
Black Alien,Chuck Berry,170627,2021-07-15 20:10
"Tyler, The Creator",WUSYANAME (feat. Youngboy Never Broke Again & Ty Dolla $ign),121572,2021-07-15 20:12
Filipe Ret,Não Desista Agora,114423,2021-07-15 20:14
Racionais MC's,"Vida Loka, Pt. 2 (Ao Vivo)",2486,2021-07-22 22:48
Filipe Ret,Não Desista Agora,37806,2021-07-22 22:48
Black Alien,Aniversário de Sobriedade,14592,2021-07-22 22:48
Rincon Sapiência,Cotidiano,172727,2021-07-22 22:51
Renan Inquérito,Versos Vegetarianos,212426,2021-07-22 22:54
Young Stoner Life,Solid (feat. Drake),215693,2021-07-22 22:58
N.W.A.,Alwayz Into Somethin',49632,2021-07-22 22:59
Um Barril de Rap,Resgate do Soldado Brownie,2077,2021-07-22 22:59
Baco Exu do Blues,Esú,248000,2021-07-22 23:03
Kamau,Só,201280,2021-07-22 23:06
DJ Khaled,EVERY CHANCE I GET (feat. Lil Baby & Lil Durk),32341,2021-07-22 23:07
Kant,Inferno de Kant,1524,2021-07-22 23:07
Racionais MC's,Diário de um Detento,330,2021-07-22 23:07
Sest,Suíte 14 (feat. Djonga),8347,2021-07-22 23:07
Criolo,Tô Pra Ver,0,2021-07-22 23:07
Emicida,Triunfo (A Rua É Nóiz),2586,2021-07-22 23:07
Marcelo D2,ROMPEU O COURO.,11816,2021-07-22 23:08
Rodrigo Ogi,Profissão Perigo,168698,2021-07-22 23:10
Black Alien,Babylon By Gus,1089,2021-07-22 23:11
Djonga,Eu,56603,2021-07-22 23:11
Filipe Ret,Jamais Serão,243716,2021-07-22 23:15
Sabotage,Canão Foi Tão Bom,1867,2021-07-22 23:19
Mc Marechal,Primeiro de Abril,229042,2021-07-22 23:19
BK,Castelos & Ruínas,2687,2021-07-22 23:19
Sabotage,Canão Foi Tão Bom,37618,2021-07-22 23:20
BK,Castelos & Ruínas,21545,2021-07-22 23:20
Sabotage,Canão Foi Tão Bom,9018,2021-07-22 23:21
Major RD,60K,8170,2021-07-22 23:25
Racionais MC's,"Vida Loka, Pt. 1",18552,2021-07-22 23:25
BK,Castelos & Ruínas,249490,2021-07-22 23:25
Alaska,Hannah,187758,2021-07-22 23:28
Tasha & Tracie,Salve,41543,2021-07-22 23:32
Big Bllakk,Sirenes,198019,2021-07-22 23:32
Yago Oproprio,Nômade V,79695,2021-07-22 23:34
Marcelo D2,4:20,96234,2021-07-22 23:35
Mac Júlia,"Sofa, Breja e Netflix",1919,2021-07-22 23:38
Black Alien,Sangue de Free,5292,2021-07-22 23:38
L7NNON,Faça valer,2717,2021-07-22 23:38
Febem,ESSE É MEU ESTILO (feat. Akira Presidente & BK),167416,2021-07-22 23:38
Costa Gold,O Pai Tá On,513,2021-07-22 23:38
Marcelo D2,Eu Tiro É Onda - Remix,2303,2021-07-22 23:39
KayBlack,Vivências,3430,2021-07-23 11:18
Filipe Ret,Asfalto do Catete,2126,2021-07-23 11:18
Pop Smoke,Good News,4597,2021-07-23 11:18
Don L,"Morra Bem, Viva Rápido",47370,2021-07-23 12:50
MC Maneirinho,Debochando da Mídia,2205,2021-07-23 14:54
MC Caverinha,212 Vip,849,2021-07-23 14:54
RZO,"Pirituba, Pt. 2",1275,2021-07-23 14:54
Costa Gold,04: 25,1319,2021-07-23 14:54
Black Alien,Real Gold,2263,2021-07-23 14:54
Nill,Control,5982,2021-07-23 14:54
Marcelo D2,Eu Tiro É Onda - Remix,48119,2021-07-23 14:54
Kamau,Nada... De Novo,7975,2021-07-23 14:54
Síntese,Se Escute,2261,2021-07-23 14:54
SNJ,Pensamentos,1520,2021-07-23 14:54
Instituto,Dama Tereza,20868,2021-07-23 14:55
Orochi,Fiquei Rico Cedo,1661,2021-07-23 14:55
Febem,YIN YANG,2419,2021-07-23 14:55
Froid,Fica Bem,264040,2021-07-23 14:59
Kyan,Versão Chave Djokovic,33266,2021-07-23 15:00
Fabio Brazza,Estopim,284700,2021-07-23 15:04
