Canal,Descri√ß√£o do canal
5PFC M1L Gr4u,"Canal OFICIAL da melior p√°gina = 5PFC M1l Gr4u, como j√° disse a Dilma: Programa 5PFC M1l Gr4u √© foda, o resto √© moda!

""In Vuadora We Trust"""
Acabou de Acabar,Canal de an√°lise de filmes (r√°pidas e lentas... Mais r√°pidas que lentas!)
amanda ramalho,
AntiCast,"Canal de v√≠deos do site AntiCast, o podcast de Design, Comunica√ß√£o e Cultura"
An√µes Em Chamas,V√≠deos todas as TER√áAS e SEXTAS as 10:00h da manh√£! (E de vez em quando algum v√≠deo solto pela semana... Mas sempre as 10:00h da manh√£)
Beavacus,"I am a Doge streamer and Youtuber raised by Beavers.

***MERCH*** 
https://teespring.com/beavacus-tokyo-skyline-logo-co#pid=2&cid=2397&sid=back

***T W I T T E R**** for news, updates, and future GIVEAWAYS
https://twitter.com/beavacus 

***D O N A T I O N  L I N K***
https://streamlabs.com/beavacus

***HOW TO SPONSOR*** PERKS = HIGHER chances to WIN GIVEAWAYS,  INVITES to games, and RARE sponsor emojis
- only works via computer/laptop or Android phone users (not iphones)
- via computer, click on https://gaming.youtube.com/channel/UC5VvaB5xz7LqyxsSaLIn4qg then click JOIN button at RIGHT side
- via Android phone, on stream click on superchat button and choose to become a member/sponsor

***Top Single Tip Donators (USD)***
1. Lazy Mane $ 1,000!!!
2. AntwanAugustin $ 100.00!
3. Clay Tieman $ 100.00!
4. MonsterDJB $ 100.00!
5. Fatboy_863_ PSN $ 99.99!
6. Simon Song $ 99.00!
7. Mz Kuriyama $ 50.00
8. Doc Ice 2 $ 50.00
9. rustedpeace $ 50.00
10. Toon X $ 49.99"
Black Alien,
BRAZA,"BRAZA √©
Danilo Cutrim ‚Äì Guitarra e Voz
N√≠colas Christ ‚Äì Bateria
Pedro Lobo - Contra-Baixo e Voz
Vitor Isensee ‚Äì Teclado e Voz

www.braza.com.br"
Cad√™ a chave?,"Nilce √© jornalista,  empres√°ria. Leon, mestre em Estudos Europeus e fissurado por ci√™ncia, conhecimento, cultura pop e todo tipo de Coisa de Nerd. Juntos, eles fazem do Cad√™ a Chave, o ponto de encontro di√°rio para mais de um milh√£o de amigos, interessados em cinema, divers√£o, viagens, novas tecnologias, relacionamento, hist√≥rias e em rir dos tombos da vida. 
Quer fazer parte dessa comunidade? Chega mais! 
Para comercial: 
contato@coisadenerd.net"
Caf√© Filos√≥fico CPFL,"A TV Cultura em parceria com o Instituto CPFL deseja compartilhar as ideias de grandes pensadores (as) contempor√¢neos. Neste canal do Caf√© Filos√≥fico, voc√™ encontrar√° transmiss√£o simult√¢nea do programa, bem como o acervo das edi√ß√µes passadas."
Caique Izoton,"Oi! Eu falo sobre cinema, quadrinhos, games e outras nerdices.

Instagram: @caiqueizoton
Twitter: @caiqueizoton

Contato: caiqueizotoncontato@gmail.com"
Camisa 21,Nova casa da zuera! Se inscreve e ativa o sino pra n√£o perder nada.
Campdogzz - Topic,
Canal Brasil,"Aqui voc√™ encontra tudo sobre cinema brasileiro, s√©ries, programas, com diversidade e representatividade.
D√° uma olhada na nossa programa√ß√£o:

Segunda e Ter√ßa: Na √≠ntegra (epis√≥dios/entrevistas emblem√°ticas de programas do Canal Brasil)
Quarta: Rapidinhas (v√≠deos curtos para deixar com gostinho de quero mais)
Quinta: Na √≠ntegra #TBT (epis√≥dios cl√°ssicos na √≠ntegra)
Sexta: Clipes de shows e de programas musicais

Acompanhe o Canal Brasil nas redes sociais:
Facebook: https://www.facebook.com/canal.brasil 
Instagram: http://instagram.com/canalbrasil 
Twitter: https://twitter.com/canalbrasil 
Podcasts: https://audioglobo.globo.com/canalbrasil/podcasts

Onde assistir:
Globoplay: https://globoplay.globo.com/canais/canal-brasil/
NET: canal 650 HD e canal 150 SD
Oi TV: canal 806 HD e canal 66 SD
SKY: canal 113 ou 513
Claro TV: canal 650 HD e canal 67 SD
GVT | Vivo TV: canal 103
Vivo TV (DTH): canal 806 HD  e 566 SD
Vivo TV (fibra | cabo) Canal 656 HD  e 156 SD"
Canal do Chef,"A GASTRONOMIA √© um ramo que abrange a culin√°ria, as bebidas, charutos, drinks, harmoniza√ß√µes, os materiais usados na alimenta√ß√£o e, em geral, todos os aspectos culturais a ela associados. 

Com duas pessoas formadas em Gastronomia (Gustavo Piffer e Nicolas Ramos) o Canal do Chef apresenta a arte da Gastronomia de uma forma f√°cil, pr√°tica e descontra√≠da! 

Com o intuito de ensinar bases, receitas, dicas de todo este mundo Gastron√¥mico. 





RECEITAS
DICAS
DRINKS
VINHOS
CERVEJAS
WHISKIES
CHARUTOS
HARMONIZA√á√ïES
DESCONTRA√á√ÉO 


S√£o as palavras chave do Canal!



Confira os v√≠deos e seja mais um amante desta Cultura!"
Canal do Pirulla,"Canal voltado √†s coisas que mais me interessam: ci√™ncia, religi√£o e evolu√ß√£o.

Este canal faz parte da iniciativa Science Vlogs Brasil, um selo de qualidade colaborativo que re√∫ne os divulgadores de ci√™ncia mais confi√°veis do Youtube Brasil. Conhe√ßa todos os canais: youtube.com/c/sciencevlogsbrasil"
Canal VESH,Canal de Humor
Castro Brothers,"COM√âDIA, M√öSICA E GAMES

V√≠deos novo toda semana! Entre para ver os dias certos no banner no topo."
Caue Moura,
Cebrap - Centro Brasileiro de An√°lise e Planejamento,
Chico Recomenda!,"Todo dia uma indica√ß√£o nova! Filmes, s√©ries, livros, canais, v√≠deos, podcasts.. Qualquer coisa.. Se eu gostei, vou indicar pra vcs aqui :)"
Chico Rezende,"N√£o compre, adote! :)"
Cid Cidoso,"Cid por parte de pai, Cidoso por parte da m√£e. 
Sim, o carinha do N√£o Salvo


CONTATO COMERCIAL
comercial [arroba] naosalvo.com.br

\o/"
Ci√™ncia Bonita,Canal para falar sobre a beleza da ci√™ncia e a ci√™ncia da beleza.
Coisa de Nerd,"Somos Leon Martins e Nilce Moretto. Um casal que faz v√≠deos sobre games, tecnologia e ci√™ncia.

Neste canal, voc√™ encontrar a Gambiarra A Gente Aceita (GAGA), nossa s√©rie com review de Gadgets e afins. Tamb√©m tem a Hora de Por Caf√©, nossa s√©rie de entretenimento que conta com a participa√ß√£o do p√∫blico, e as Perguntas Sobre a Vida, a Verdade e o Universo (PSVVU), nossa s√©rie sobre ci√™ncias, na qual tentamos responder perguntas enviadas pela audi√™ncia do canal.

Contatos comercial: contato@coisadenerd.net"
Criolo,criolo.net
Cultura Livre,"Apresentado por Roberta Martinelli, o Cultura Livre recebe artistas no est√∫dio. Eles tocam suas m√∫sicas, falam sobre a carreira e respondem perguntas da audi√™ncia. 

Transmiss√µes ao vivo de s√°bado, √†s 18h15."
Curso em V√≠deo,"Cursos em v√≠deo-aulas totalmente gratuitos, criados pelo Professor Gustavo Guanabara. 

Informa√ß√µes para contato: contato@cursoemvideo.com"
Danielle Silva - driverh,"A driverh √© uma consultoria de Recoloca√ß√£o Profissional e Outplacement, especializada no relacionamento com as melhores e maiores empresas do mercado.

Nossa metodologia inovadora e assertiva, juntamente com nosso posicionamento de mercado original, se traduz em resultados concretos e transparentes: nossos assessorados recolocados nas melhores empresas do mercado.

Atualmente, a driverh √© reconhecida por profissionais e empresas como uma das melhores assessorias para Recoloca√ß√£o e Outplacement do mercado brasileiro.

Em nosso canal do YouTube voc√™ encontrar√° o melhor e mais completo conte√∫do do Brasil sobre Recoloca√ß√£o Profissional, Prepara√ß√£o para Entrevistas, Outplacement, Job Hunting, Processos Seletivos, e muito mais."
Davie504,"Italian guy who wants to share his passion for slapping the BASS.

Subscribe N O W"
Dead Fish,"Canal  oficial de v√≠deos do Dead Fish, batizado de DEAD FISH TV."
Deap Vally,The official YouTube channel for Deap Vally. Stream and download our new track 'Look Away' now https://dv.lnk.to/digitaldreamYo
Desimpedidos,"Este √© o canal Desimpedidos: o lar da ousadia e alegria, o poj√©to do Luxa que deu certo. Quer saber mais? DESCUBRA! √âs habib. V√≠deo novo todos os dias! 

CONTATO: contato@desimpedidos.com.br"
DevelopersBr,
diboboficial,
Didi Wagner,"Eu sou a Didi Wagner, libriana, apresentadora de TV e apaixonada por m√∫sica e viagens. Na TV eu sigo script, por aqui nem sempre. Quero dividir com voc√™s minhas didicas, didilemas e didivaga√ß√µes sobre a vida. Toda quinta, √†s 18h. :)

Para stalkear: 
Facebook ‚Äì https://www.facebook.com/didiwagneroficial/
Instagram ‚Äì https://www.instagram.com/didiwagner/
Contato - didiwagner@boldconteudo.com.br
Lugar Incomum: toda segunda, √†s 18h30 no Multishow"
Diva Depress√£o,O veneno chega a escorrer
DJ CIA,
Do campo √† mesa,"Canal de conte√∫do educativo sobre escolhas alimentares bem informadas, criado e produzido pela jornalista Francine Lima, mestre em nutri√ß√£o em sa√∫de p√∫blica. 

O canal, que lan√ßou o bord√£o ""Voc√™ √© o que sabe sobre o que come"", ficou no ar entre julho de 2013 e julho de 2017. A produ√ß√£o de v√≠deos foi encerrada ap√≥s o canal alcan√ßar quase 150 mil inscritos e mais de 7 milh√µes de visualiza√ß√µes totais. 

Francine Lima continua atuando como profissional produtora de conte√∫do e publicando suas ideias no Instagram e no LinkedIn.

¬© 2015 - Todos os direitos reservados."
Dom√≠nio P√∫blico,"Canal da rede Cultura & A√ß√£o, dedicado exclusivamente √† divulga√ß√£o de conte√∫do em dom√≠nio p√∫blico."
Eduardo Mendes,Um canal sobre Python e desenvolvimento de software de uma maneira geral.
El Efecto,Canais de v√≠deos da banda El Efecto do Rio de Janeiro/RJ.
EntrePlanos,"O EntrePlanos √© um canal de an√°lise cr√≠tica sobre cinema. Toda quinta-feira, um v√≠deo novo para fazer voc√™ ver os filmes com outros olhos.

REDES SOCIAIS

Twitter: @maxvalarezo
Instagram: @maxvalarezo
Letterboxd: maxvalarezo

CAIXA POSTAL

Caixa Postal: 2418
CEP: 70842970
Bras√≠lia-DF"
Epica Ci√™ncia,
Estudonauta Cursos,
EuTestei,"H√Å 10 ANOS NO AR! O EuTestei √© um canal que traz informa√ß√£o e ajuda a quem precisa comprar seu pr√≥ximo gadget, principalmente smartphones e acess√≥rios. Tamb√©m resenho uns gadgets legais, apps e dou opini√µes sobre o mundo tech. Aprenda mais sobre tecnologia! Minha miss√£o √© ensinar o p√∫blico a gostar de tecnologia para consumi-la de forma consciente.

""Ensinamos voc√™ a gostar de tecnologia para consumi-la de forma consciente"".

Qualidade e honestidade acima de tudo; N√£o existe produto errado, existe consumidor certo; N√£o deixe seus gostos influenciarem demais suas opini√µes; √â sempre poss√≠vel fazer mais com um aparelho.

Meu setup: https://kit.com/eutestei/setup-de-producao-de-conteudo"
Fabio Ruicci,"Tutoriais e cursos de programa√ß√£o para todos os n√≠veis.

Atualmente temos v√≠deos sobre Python e Git, mas a ideia √© tamb√©m falar sobre SQL, Boas pr√°ticas de programa√ß√£o, Fundamentos de computa√ß√£o, HTML, CSS, JavaScript, e outros t√≥picos relevantes.

Nossa comunidade no Discord: https://discord.gg/3gb3zGZ
Meu site: https://www.fabioruicci.com.br
LinkedIn: https://www.linkedin.com/in/fabioruicci/
GitHub: https://github.com/fabioruicci"
FaixaMobi,"Tecnologia, viagens e estilo de vida"
Fala Bandana,"Jornalismo alternativo para quem gosta do S√£o Paulo! 
Com v√≠deos opinativos, produzidos por comunicadores tricolores focados no S√£o Paulo FC!"
ffmspt,
Filho da nuvem,"Oi, eu sou o filho da nuvem e esse √© um canal de programa√ß√£o que destr√≥i a fronteira Brasil-Portugal. O objetivo √© inspirar e preparar pessoas a uma carreira internacional de programa√ß√£o. Isso √© provido entre v√≠deos de diferentes tecnologias e sobre a carreira de Dev em Portugal. http://devemportugal.com ."
finbarbass,
FitnessFAQs,Master Calisthenics with FitnessFAQs
Folha de S.Paulo,Confira a produ√ß√£o de v√≠deos da Folha
Forfun,"Uni√£o, paz, harmonia, hardcore, dub, eletr√¥nico, medita√ß√£o e celebra√ß√£o do ser!
FORFUN"
Fronteiras do Pensamento,"Fronteiras do Pensamento, o ciclo de confer√™ncias que traz os maiores pensadores mundiais ao Brasil, faz do YouTube um espa√ßo de debate. Neste canal, voc√™ encontra v√≠deos sempre legendados com entrevistas exclusivas e confer√™ncias. Nomes como Zygmunt Bauman, Edgar Morin, Steven Pinker, Mia Couto, Manuel Castells, Alain de Botton e dezenas de outros convidados discutem identidade, crise contempor√¢nea, democracia, os valores que regem o mundo atual e as fronteiras do pensamento. Seria o pr√≥prio pensamento o limite para enxergarmos um novo mundo?


V√çDEOS IN√âDITOS LEGENDADOS: todas as quintas
Inscreva-se em nosso canal: http://is.gd/FronteirasYouTube"
Fundos da Porta,"Esse √© o canal de erros de grava√ß√£o, making ofs, extras, entrevistas e tudo relacionado aos bastidores do canal PORTA DOS FUNDOS."
Gabriel Leal,"Composi√ß√µes de Gabriel Leal

Para contato: musicas.leal@gmail.com"
garyclarkjr,"The official YouTube channel of Gary Clark Jr.. Subscribe for the latest music videos, live performances, and more."
GEEaD CPS,Canal do GEEaD - Grupo de Estudo de Educa√ß√£o a Dist√¢ncia do Centro Paula Souza para publica√ß√£o de videoaulas de cursos na modalidade EaD.
Google para seu Neg√≥cio,
gusalberto8,"Este canal foi criado em 2010 inspirado no trabalho de Salman Khan a da sua Khan Academy.
Os v√≠deos s√£o produzidos  com uma mesa digitalizadora Wacom Bamboo usando os programas Photoshop Elements ou SmoothDraw."
HANNIE,"More content over at annieplaysguitar - check it out!
http://www.youtube.com/c/annieplaysguitar 

Instagram: https://www.instagram.com/annieplaysguitar/
Patreon: https://www.patreon.com/annieplaysguitar 
TikTok: https://www.tiktok.com/@annieplaysguitar 
Merch: annieplaysguitar.square.site"
Instituto de Estudos Avan√ßados IEA,
Jan Gudme,"Finan√ßas pessoais de uma maneira divertida.

Sinceramente, eu adoro finan√ßas pessoais, investimentos, empreendedorismo e tudo nessa √°rea. Mesmo assim, eu n√£o aguento a maioria dos v√≠deos sobre esse assunto porque eu sempre achei meio chatos ou n√£o representativos da realidade.

Eu sempre aprendi melhor quando quem me ensinava tinha um senso de humor, quando a pessoa era consicente de que deveria estar entretendo e n√£o s√≥ ensinando. √â disso que sinto falta, ent√£o √© isso que vou tentar fazer.

Se voc√™ quer s√≥ as informa√ß√µes de forma direta sem hist√≥ria ou risada, talvez aqui n√£o seja o lugar para voc√™.

Mas se voc√™ quer um lugar para n√£o s√≥ aprender, como tamb√©m se divertir e se conectar com pessoas parecidas, ent√£o √© aqui mesmo. Pode se inscrever, ligar sininho, essas firula toda."
Jorge Orellana,Jorge Orellana - Santiago de Chile
Jornal Antijur√≠dico,"O seu jornal antijur√≠dico, abolicionista e ecossocialista."
Laborat√≥rio 2000,"O Laborat√≥rio 2000 √© produzido pelos irm√£os Leonardo e Ricardo de Souza, com t√≥picos cobrindo ci√™ncia, tecnologia, hist√≥ria, futurismo e sustentabilidade - tudo isso de maneira calma, criativa e relaxante."
Linkin Park,
Loop Infinito,"Seja bem-vindo ao Loop Infinito!

Aqui voc√™ se informa e se diverte com v√≠deos sobre Apple, Google, Android, Microsoft e tecnologia em geral. Nosso objetivo √© trazer sempre conte√∫dos relevantes de uma forma acess√≠vel e bem-humorada, seja fazendo review de algum acess√≥rio ou no nosso seman√°rio de not√≠cias, o Loopcast.

D√™ uma olhada na nossa galeria de v√≠deos, e n√£o deixe de se inscrever no canal.

At√© a pr√≥xima!"
Lucio Big,"Este √© o principal ve√≠culo de comunica√ß√£o que utilizo para divulgar as fiscaliza√ß√µes e den√∫ncias de gastos irregulares de dinheiro p√∫blico. Sou diretor-presidente do Instituto OPS (https://institutoops.org.br) que √© o respons√°vel pela OPS (Opera√ß√£o Pol√≠tica Supervisionada), uma iniciativa popular que j√° provocou quase R$ 6 milh√µes em economia dos gastos p√∫blicos."
Luh Testoni,"Voc√™ gosta de fotografia e quer aprender a usar melhor o Instagram? veio ao canal certo! Aqui a gente fala de fotografia e instagram pra quem n√£o √© fot√≥grafo  ‚ù§Ô∏è

Dicas simples pra voc√™ tirar fotos melhores com celular, como mexer no instagram, ideias de fotografia criativa e como crescer no instagram de uma forma bacana e sem problemas! Toda semana  videos r√°pidos e de uma maneira que todo mundo entenda pra voc√™ usar direitinho a c√¢mera do seu celular, apps de fotografia, dicas do instagram stories e muito mais!

Voc√™ pode tamb√©m me acompanhar no Instagram! @luhtestoni & @lutestoni.toys"
L√òAD,"A Ideia do canal √© levar pras pessoas as liga√ß√µes entre o Universo dos Quadrinhos e do Hip Hop, Mostrando para o p√∫blico a naturalidade em voc√™ consumir diferentes
coisas, que na maioria das vezes bebem um da fonte do outro.

Videos Semanais."
Magalz√£o Show,
Manual do Mundo,"Ol√°! Somos o Manual do Mundo e viemos mostrar que h√° sempre um caminho mais interessante e divertido para aprender sobre as coisas ao nosso redor. Oferecemos produtos e conte√∫dos criativos que promovem experi√™ncias √∫nicas de entretenimento e aprendizagem, no f√≠sico e no digital, sozinhos ou acompanhados.

Acreditamos que o conhecimento √© capaz de eliminar qualquer obst√°culo do caminho e √© constru√≠do de um jeito colaborativo. √â por isso que a melhor jornada √© a que se anda junto, trocando descobertas, agregando mais gente.

Nosso ponto de partida √© a curiosidade, e o de chegada tamb√©m, porque quando a gente descobre uma resposta, nosso horizonte se expande, e a gente faz ainda mais perguntas. √â assim que conquistamos o mundo!

Manual do Mundo. Desbravadores do conhecimento.

- D√öVIDAS: contato@manualdomundo.com.br
- CONTATO COMERCIAL: comercial@manualdomundo.com.br
- ASSESSORIA IMPRENSA: comunicacao@manualdomundo.com.br"
MARCA PASSO,Contamos hist√≥rias.
Marcelo Camelo,
Marcelo D2,Canal oficial do artista Marcelo D2
Marinando,"Toda segunda-feira, um novo v√≠deo no qual Marina Person ensina uma receita r√°pida, f√°cil, saud√°vel e gostosa!

Facebook: https://pt-br.facebook.com/marina.person.5
https://www.facebook.com/Marinando-613178435552400/

INSCREVA-SE: http://www.youtube.com/user/Canalmarinando?sub_confirmation=1

E agora, Marinando faz parte do #TeamCook (http://www.cybercook.com.br/teamcook)! Veja l√° os nossos parceiros."
Meteoro Brasil,"Meteoro √© um canal sobre cultura pop, ci√™ncia e filosofia. E esse humilde canalzinho acaba de ficar mais alegre e completo por um bom motivo: voc√™ o encontrou. Muito obrigado!

Caixa Postal:17905
CEP: 80410-981"
Midiars,"Canal no YouTube do Midiars (Grupo de Pesquisa em M√≠dia, Discurso e An√°lise de Redes Sociais) - UFPEL/UFRGS.

Acesse tamb√©m:
- Nosso blog: https://wp.ufpel.edu.br/midiars/
- Nosso perfil no Twitter: https://twitter.com/labmidiars
- Nossa p√°gina no Facebook: https://www.facebook.com/labmidiars"
mikannn,"V√≠deos sobre s√©ries, games, animes, a vida, o universo e tudo mais :)

SOBRE A MIKANNN
M√≠riam Castro, 26 anos, S√£o Paulo, SP

http://instagram.com/_miriamcastro
http://twitter.com/hey_mika
http://facebook.com/canalmikannn
http://www.twitch.tv/mikannn

CONTATO
PARA F√ÉS/NOT√çCIAS: canalmikannn@gmail.com
COMERCIAL: canalmikannn@gmail.com

CAIXA POSTAL
Miriam Castro
Caixa Postal 20225
CEP 04035-972
S√£o Paulo - SP"
Minuto da Terra,"Um canal no YouTube com v√≠deos curtos e divertidos que busca entreter e educar ao mesmo tempo. Com criatividade, um toque de humor e quase 200 v√≠deos online, tiramos d√∫vidas e ensinamos ci√™ncia e hist√≥rias sobre o nosso incr√≠vel planeta, o universo e tudo mais!

O Minuto da Terra √© a tradu√ß√£o oficial e autorizada do Minute Earth, criado por Henry Reich, with Alex Reich, Peter Reich, Ever Salazar, Kate Yoshida, David Goldenberg, Arcadi Garcia, Sarah Berman, Jasper Palfree, and Juli√°n G√≥mez. M√∫sica por Nathaniel Schroeder.

M√≠dia Kit: https://escarlatte.com/minutodaterra"
Minutos Ps√≠quicos,"Minutos Ps√≠quicos (Psychic Minutes) is a Brazilian channel for scientific dissemination that produces videos about psychology, neuroscience, the universe and everything else! Subscribe to the channel and become a member of our supporters' club by clicking on ""BECOME A MEMBER"" up here to receive several exclusive benefits! Contact for lectures, events or collaborations available below under ""for business consultations"". Visit our website: http://www.minutospsiquicos.com.br/"
MOV,"Somos a produtora de v√≠deos do UOL e, por aqui, a gente mistura entretenimento e informa√ß√£o!

De segunda √† sexta, v√≠deos novos com um elenco incr√≠vel, saca s√≥:
Segunda: C√° Entre N√≥s, com Yuri Mar√ßal
Ter√ßa: Entre Likes
Quarta: Rabisco Falado
Quinta: Mundo C√¥mico, com Gal√£s Feios
Sexta: Meteoro Por Tr√°s da Cena

OBS: isso n√£o significa que a gente n√£o fa√ßa v√°rios outros conte√∫dos e/ou alguns experimentos pelo caminho ;)"
MUSIC THUNDER VISION,"Em Music Thunder Vision o assunto √© m√∫sica de todas as formas poss√≠veis. Todas as formas e lugares que s√≥ a cabe√ßa de Luiz Thunderbird e sua sabedoria pode te levar. Pra voc√™ que quer conhecer m√∫sica boa, saber mais do seu artista favorito, ouvir as hist√≥rias e testemunhos do pai de todos os VJs da MTV no Brasil. Entre listas de m√∫sicas, temas interessantes e biografias n√£o autorizadas aperte o cinto e boa viagem.

Entre em contato conosco: thunder@uol.com.br"
My Chemical Romance,The official My Chemical Romance YouTube channel.
Nando Reis,
Natiruts,
nerckie,"Seja bem-vindo!

Este √© o canal do site Vestibulandia no Youtube, administrado principalmente por Nerckie e Alice.

Este canal tem por objetivo transformar a educa√ß√£o de N√≠vel M√©dio em um instrumento de mudan√ßas sociais, promovendo o acesso mais justo aos vestibulares brasileiros.

Nossos objetivos s√£o ambiciosos (e , de certa forma ut√≥picos)

Queremos:

- Disponibilizar gratuitamente TODO o conte√∫do do Ensino M√©dio atrav√©s de aulas no Youtube;

-Disponibilizar TODO o conte√∫do das mat√©rias vigentes na maioria dos concursos p√∫blicos brasileiros;

- Desenvolvimento de conte√∫do para livros did√°ticos gratuitos e abrangentes (apenas com o conte√∫do livre poderemos fomentar o desenvolvimento educacional do pa√≠s, de maneira similar ao que ocorre com o Linux)

Nosso Twitter:
http://www.twitter.com/nerckie"
NPR Music,"The official YouTube channel for NPR Music featuring Tiny Desk Concerts, live shows, documentaries and more.  Find more at www.npr.org/music"
Nuvaman,"Music producer based in Birmingham, UK."
NX Zero,Canal oficial do NX Zero.
O Expresso de Hogwarts,"Canal dedicado √† s√©rie Harry Potter. Fique por dentro do mundo m√°gico com epis√≥dios especiais relacionados √† temas espec√≠ficos do mundo que J.K. Rowling criou.

‚ñ∫ Contato profissional: canalcalse@gmail.com"
O Fino da Zica,"O Fino da Zica √© um canal que documenta a arte urbana e promove conex√£o entre artistas e interessados. Em 2021, o foco ser√° o Hip Hop. Um entrevistade por m√™s, come√ßando por m√™s, procurando abranger a complexidade art√≠stica que o Hip Hop tem. Os artistas trazem n√£o s√≥ suas inspira√ß√µes da primeira inf√¢ncia como os livros que influenciaram suas rimas. Os filmes que inspiraram o clima das suas batidas. Seus flows, letras e bases preferidos. A dixava√ß√£o de uma letra de ponta a ponta. Aqui a zica √© bem vinda.

Contato: 
Email | canalofinodazica@gmail.com
Instagram | @ofinodazica
Twitter | @ofinodazica
Facebook | /ofinodazica"
O Magri√ßo Cibern√©tico,"Canal destinado a ajudar vestibulandos da Fuvest, Unicamp, Unesp, Enem. Seu foco √© linguagens, c√≥digos e suas tecnologias, o que abrange artes, literatura, l√≠ngua portuguesa e reda√ß√£o."
Olhe de novo,Um segundo olhar sobre a arte de fazer cinema.
ONErpm,"ONErpm is one of the fastest growing music networks in the world with +6 billion monthly views on YouTube. ONErpm leverages technology to develop scalable tools and solutions to help artists and labels succeed, while making sure music is properly marketed within each platform. We are YouTube Certified and specialized in: 
 - Rights Management / Content ID
 - Audience Growth and Channel Management
 - Content Creation
 - Cross-Channel Marketing
 - Brand Sponsorships"
Pablo Villa√ßa,"Canal do portal Cinema em Cena (www.cinemaemcena.com.br) que traz v√≠deos com coment√°rios de seu editor, o cr√≠tico Pablo Villa√ßa."
Paloma Cipriano,"Para contato profissional envie para comercialpalomacipriano@gmailcom

Caixa postal: 168
CEP: 35701-970
Sete Lagoas - MG"
Panela√ßo,"Panela√ßo √© o programa  de entrevistas e culin√°ria vegana do Jo√£o Gordo.
Todas √†s quintas feiras JG abre as portas da sua pr√≥pria casa para entrevistar um convidado, enquanto un  chef prepara un rango vegano. 
As hist√≥rias mais loucas e as receitas mais iradas da culin√°ria vegana do Jo√£o e de seus convidados, voc√™ encontra aqui no Panela√ßo."
Panic! At The Disco,Welcome üëã The Amazing Beebo was working on a new bio but now he's too busy taking over the world.
Papo de Musica,"Seja muito bem vindo a este canal!!! O Papo de M√∫sica √© um dos raros espa√ßos no Youtube que tem a m√∫sica como protagonista. Apresentado pela jornalista Fabiane Pereira e dirigido pelo videomaker Vitor Souza Lima, o canal traz semanalmente uma entrevista exclusiva e in√©dita com um cantor ou uma cantora. Com um tom √≠ntimo e pessoal, o Papo de M√∫sica ajuda a propagar os grandes respons√°veis pela m√∫sica brasileira ser uma das mais respeitadas do mundo.

Vem se divertir com a gente.

Espero que goste. Inscreva-se no canal!

Contato comercial: canalpapodemusica@gmail.com"
Papo No Estudio,"Papo no Est√∫dio √© um vlog humor√≠stico voltado ao noite-a-noite do meio musical amador. Idealizado por Rafael Tiene, produzido por Claudio Madureira e Marcelo Nery, OompaStudio.

OompaStudio http://goo.gl/fZxDP
Claudio Madureira http://goo.gl/DI3Rt
Marcelo Nery http://goo.gl/pGDwj
Rafael Tiene: http://goo.gl/svh3V"
Passa a Bola,Coletivo de meninas que jogam futebol por amor (mas que eÃÅ tambeÃÅm um grupo de amigas).
Pato Fu,"Pato Fu √© uma banda de pop/rock criada em 1992. Ao lado de nomes como Radiohead, U2 e Portishead, foi considerada pela revista Time uma das dez melhores bandas do mundo. Entre as m√∫sicas mais famosas est√£o ""Sobre o Tempo"", ""Antes que Seja Tarde"", ""Made in Japan"" e ""Ando Meio Desligado"". 

Quando o Pato Fu come√ßou, seus membros diziam que queriam ter uma carreira ‚Äúlonga e pr√≥spera‚Äù.Pois bem, parece que conseguiram se encaixar no bord√£o do Sr. Spock. E pelo jeito, vai ser ainda mais longa e pr√≥spera. Seus novos caminhos parecem apontar para v√°rios outros, a fonte da criatividade parece que nunca seca, e a discoteca parece que nunca para.

Forma√ß√£o: Fernanda Takai, John Ulhoa, Ricardo Koctus, Xande Tamietti e Lulu Camargo.

Inscreva-se no canal e seja notificado na hora que um v√≠deo for postado!"
Pausa Para um Caf√© - Anna Schermak,"O Pausa Para um CafeÃÅ existe haÃÅ mais de 10 anos e em todo esse periÃÅodo acumulou muitos projetos que nasceram a partir do blog (www.pausaparaumcafe.com.br). Hoje o Pausa Para um CafeÃÅ eÃÅ um blog, canal no youtube e podcast voltado para discussoÃÉes pertinentes a atualidade com a literatura sempre como protagonista.

Aqui no canal voc√™ vai encontrar principalmente v√≠deos sobre Dante Alighieri e Divina Com√©dia como nosso projeto #LendoDante. Chuck Palahniuk e Clube da Luta com resenhas, dicas de leitura e an√°lises de refer√™ncias liter√°rias em outras m√≠dias. 

Al√©m da literatura, temos um cantinho especial para Dicas de filmes, s√©ries, animes e mang√°s por aqui. Mas sempre com nosso jeitinho especial de falar sobre tudo. Sem deixar de lado um dos nossos assuntos preferidos: O RPG DE MESA! 

Email: contato@pausaparaumcafe.com.br
PARA PUBLICIDADE, SOLICITE O MIDIA KIT POR EMAIL. 

Quer enviar algo?
CAIXA POSTAL: 14911
Curitiba ‚Äì PR
CEP:81900-981"
peixeaquatico,"Meu nome √© Leonardo Amaral, fa√ßo xixi, coc√¥ e animas."
PinguimVideos,"O Programa de Educa√ß√£o em Software Livre (PESL), criado em 2008, √© um esfor√ßo extensionista, conduzido com o apoio da Universidade Federal de S√£o Paulo. O
Miss√£o
O programa tem os seguintes objetivos:
-Difundir a filosofa de Software Livre, sobretudo, a import√¢ncia da liberdade do conhecimento.
-Apresentar as principais ferramentas e sistemas baseadas em Software Livre por meio de minicursos e oficinas.
-Desenvolver e apoiar o desenvolvimento de conte√∫do did√°tico sobre Software Livre.
Descri√ß√£o
O Programa de Educa√ß√£o em Software Livre, criado em 2008, √© um esfor√ßo extensionista, conduzido com o apoio da Universidade Federal de S√£o Paulo. O programa tem os seguintes objetivos:
-Difundir a filosofa de Software Livre, sobretudo, a import√¢ncia da liberdade do conhecimento.
-Apresentar as principais ferramentas e sistemas baseadas em Software Livre por meio de minicursos e oficinas.
-Desenvolver e apoiar o desenvolvimento de conte√∫do did√°tico sobre Software Livre."
Pipocando,"Pipocando √© um programa pra quem curte filmes, s√©ries, anima√ß√µes e cultura pop! Um canal feito para os amantes de cinema!
Estoure a pipoca e aperte o play!

CONTATO COMERCIAL
comercial@blues.ag

www.blues.ag"
PlayCultura,
Podpah,O podcast mais zika da internet
Porta dos Fundos,"Porta dos Fundos √© um coletivo criativo fundado em 2012 por Antonio Tabet, F√°bio Porchat, Gregorio Duvivier, Jo√£o Vicente de Castro e Ian SBF. O que come√ßou despretensiosamente, com um grupo de amigos em busca de liberdade criativa, hoje √© uma produtora consolidada, vencedora do Emmy Internacional de Com√©dia em 2019, pelo Especial de Natal feito para a Netflix.

√â um dos maiores canais do YouTube Brasil, ultrapassando 5 bilh√µes de visualiza√ß√µes e 16 milh√µes de inscritos. Em abril de 2019, chegou tamb√©m ao M√©xico com o canal ""Backdoor - Humor por donde no lo esperas"", j√° com mais de 3 milh√µes de inscritos.

O Porta dos Fundos se tornou uma refer√™ncia em entretenimento multiplataforma, atuando em s√©ries, filmes, branded content, entre outras produ√ß√µes, estabelecendo parcerias com empresas, canais de TV e plataformas de streaming.

Inscrevam-se e assistam :-)

CONTATO: contato@portadosfundos.com"
privitalino,"Apaixonada por games, sempre jogando um pouquinho de tudo ;)"
Programa√ß√£o Din√¢mica,"Somos Kizzy e Hallison, parceiros na vida e nos neg√≥cios e temos uma miss√£o: ajudar mais pessoas a terem acesso a educa√ß√£o de qualidade, a desenvolverem autonomia e pensamento cr√≠tico e experimentarem uma mudan√ßa de perspectiva para usufruir de mais oportunidades. 

Hoje, Kizzy √© uma cientista de dados e Hallison, doutorando no Instituto de Matem√°tica Pura e Aplicada. Viemos de extremos diferentes do pa√≠s e nos encontramos no Rio de Janeiro, no Instituto Militar de Engenharia, onde nos tornamos engenheiros de computa√ß√£o. Seguimos com um mestrado em matem√°tica por institui√ß√µes de excel√™ncia e entendemos que poder√≠amos retribuir as oportunidades que tivemos de uma maneira mais ampla para todo o Brasil.

Por isso, criamos o Programa√ß√£o Din√¢mica, onde ensinamos sobre programa√ß√£o, ci√™ncia de dados, machine learning e intelig√™ncia artificial e promovemos discuss√µes sobre novas tecnologias e seus impactos na sociedade.

Inscreva-se no canal e junte-se a essa jornada de transforma√ß√£o!"
ProjetoStudio62,"Uma experi√™ncia minimalista. 
O momento mais aut√™ntico entre o artista e a m√∫sica.

Um projeto que convida artistas para uma experi√™ncia minimalista longe dos palcos. 
√â numa atmosfera intimista em que apenas os equipamentos do Studio, ou a falta deles, 
os cercam, para fazer com que a m√∫sica se mostre direta e cruamente ao p√∫blico. 
Na contra-corrente das grandes produ√ß√µes, o Studio62 busca esse estado mais fundamental 
da m√∫sica e do artista, o momento mais aut√™ntico da rela√ß√£o entre ambos e a 
forma que se apresenta ao p√∫blico.

Toda ter√ßa-feira lan√ßamos um v√≠deo de um artista diferente. Inscreva-se no canal e assista!

http://www.projetostudio62.com"
Prophets Of Rage,"Official channel of Prophets Of Rage.
Debut Album Out Now
http://found.ee/prophets"
Pupila Dilatada,
Quadro em Branco,
Quem Somos N√≥s?,"Criado inicialmente para a R√°dio Eldorado, o Quem Somos N√≥s? √© um programa conduzido por Celso Loducca, cujo objetivo √© fazer um bate-papo com diferentes olhares sobre as quest√µes humanas. √â uma conversa intimista e leve para discutir assuntos profundos, fazendo com que o espectador saboreie o conhecimento. √â uma oportunidade de resgatar o prazer pelo saber. 

SITE | www.quemsomosnos.com.br
FACEBOOK | www.facebook.com/ProgramaQuemSomosNos"
QuerQueDesenhe,
RABISCO,"Anima√ß√µes e desenhos animados feitos por mim e eu mesmo



Leonardo Amaral"
RacionaisTV,"Aqui voc√™ encontra trechos do shows, chamadas da agenda e entrevistas com o Racionais MC's. 

Al√©m disso apresentamos v√°rias playlists com nossos clipes, nossas parcerias e nossas turn√™s pelo Brasil.

Se inscreva no canal, comente e compartilhe nossos v√≠deos. 

Mais informa√ß√µes www.racionaisoficial.com.br"
"RAP, falando",rap. entretenimento. seu artista favorito.
Rebosteio,
Rep√∫blica Coisa de Nerd,
Ri_,
Rodrigo Amarante,
Rol√™ Gourmet,"Rol√™ Gourmet est√° de volta! 
www.catarse.me/pcrolegourmet
contatopcsiqueira@gmail.com"
Samuel Rosa,Canal oficial do cantor e compositor Samuel Rosa.
Science Vlogs Brasil,"Alguns dos mais influentes e famosos nomes da divulga√ß√£o cient√≠fica em v√≠deos no Brasil unem-se em um projeto in√©dito e inovador: criar um selo de qualidade colaborativo que garanta informa√ß√£o cient√≠fica de qualidade, confi√°vel e relevante!
Este √© o Science Vlogs Brasil!
Se tiver a nossa marca, pode confiar que a ci√™ncia ali √© boa.@svbroficial #svbroficial

a) Quais os crit√©rios para a obten√ß√£o do selo SVBR? 
Ter produ√ß√£o de divulga√ß√£o cient√≠fica no Youtube e passar pelo processo de sele√ß√£o

b) Como fa√ßo para que meu canal obtenha o selo SVBR, e passe a ser ent√£o um Parceiro SVBR?
1- Ser indicado por um Parceiro SVBR
2- Em um momento oportuno, o Conselho SVBR avalia os indicados
3- Um grupo de especialistas da √°rea divulgada far√° uma avalia√ß√£o do canal
4- Avalia√ß√£o por toda a comunidade de canais Parceiros SVBR
5- Convite para receber o selo"
Scracho,Canal oficial da banda Scracho.
Simon's Cat,"Simon's Cat is an animated series featuring the mischievous and often hilarious antics of a fat white cat and his owner Simon, stories that any pet owner can relate to!

The channel includes:
Simon's Cat Shorts - Funny animations that observe life as a cat owner.

Our extra content includes:
Simon's Cat Guide To - The world from Simon's Cat's eyes. 
Simon's Cat Logic - An informative series that looks at why cats do the crazy things they do, and what we can do to help them live happy and healthy lives.

Check out SCE here - https://www.youtube.com/user/simonscatextra"
Smarty Talks,"Canal que discute e produz cinema. S√£o tanto document√°rios, como fic√ß√£o (como curta-metragem para a web), an√°lises e opini√£o. Seja bem vindo!

Smarty Talks
www.smartytalks.com"
Sorin Elis,
Surra no Office,"O objetivo √© fazer voc√™ parar de apanhar do Office e ficar apto, capaz, preparado, competente, ter o poder de dar uma SURRA NO OFFICE. 

Vejo diariamente pessoas tomando uma esmagadora, incontest√°vel, humilhante e acachapante surra do nosso querido Office. E porque isso acontece?

Porque geralmente pensam que saber tudo, que dominam o pacote, acham que o Word, Excel e PowerPoint s√£o simples, e sim, concordo, s√£o simples, mas a grande maioria das pessoas n√£o fazem ideia da quantidade de recursos que eles possuem."
S√£o Paulo FC,"Canal oficial do S√£o Paulo FC!
INSCREVA-SE!

Desde 2008 mostrando conte√∫dos exclusivos do clube mais vencedor do Brasil!
#SPFCTV"
TecMundo,"O maior site sobre tecnologia do Brasil mant√©m voc√™ atualizado de forma descomplicada e simples!

üèÜ Vencedores do juri t√©cnico e top 3 pelo voto popular no Pr√™mio iBest 2020
ü•á Vencedores do pr√™mio Influency.me 2020"
Tempero Drag,"Desde 2015 tratamos de temas sociais e pol√≠ticos com humor e arte.

Acreditamos na educa√ß√£o como ferramenta de emancipa√ß√£o e trabalhamos em uni√£o por mais e melhores acessos.

Venha provar nosso Tempero Drag :)"
Tese Onze,"O Tese Onze √© um canal focado em apresentar contrapontos ao senso comum, trazer an√°lises sobre sociologia e pol√≠tica, e acumular bagagem pra transformar o mundo. Apesar do conte√∫do ser embasado em pesquisa, n√£o se trata de um canal preparat√≥rio de conte√∫do educacional, mas de informa√ß√£o e forma√ß√£o pol√≠tica com forte vi√©s marxista.

O canal √© produzido e apresentado por Sabrina Fernandes, doutora em sociologia, feminista marxista, ecossocialista e vegana. √â autora do livro ""Sintomas M√≥rbidos: a encruzilhada da esquerda brasileira"" e ""Se quiser mudar o mundo: um guia pol√≠tico para quem se importa"". 

V√≠deos semanais, geralmente √†s quintas-feiras."
The Rinha,
The Strokes,THE STROKES ‚Ä¢ www.thestrokes.com  ‚Ä¢¬†www.cultrecords.com
TheOneGames,"Hearthstone gameplays e dicas
Gameplays di√°rios de Hearthstone Brasil incluindo V√≠deos √†s 12h e 20h e esporadicamente √†s 15h.
Cavaleiros do Trono de Gelo - Knights of the Frozen Throne

Dicas dos jogos que eu √ârico Gra√ßa (vulgo Tudo Sussa) estou jogando.

E v√≠deos de outro jogos como: Plants vs. Zombies 2, Clash Royale, The Walking Dead algumas vezes na semana.

Tamb√©m encontra no canal v√≠deos de: Angry Birds Epic, Plants vs. Zombies Heroes,  South Park: The Stick of Truth , Plants vs. Zombies (PVZ), Kingdom Rush, Kingdom Rush Frontiers, World of Warcraft (WoW),  Age of Mythology - The Titans, Age of Empires III, Minecraft, League of Legends (LOL), Diablo III (D3), Diablo III - Reaper of the Souls, Tree of Savior, Incursion,  Incursion 2: The Artifact,  Naruto Shippuden Ultimate Ninja Storm 3 Full Burst, Magic The Gathering,  Magic The Gathering - Duels of the Planeswalkers, Agar.io, Slither.io e Heroes of the Storm 

Jogos para Android, PC (Steam e outros) e at√© jogos de Browser."
Thiago Ventura,"Um humorista e comediante de Tabo√£o da Serra / S√£o Paulo.

PARA CONTRATAR ACESSE:

www.thiagoventura.net

REDES SOCIAIS:


FanPage : www.facebook.com/thiagoventurapage

Twitter: @thiagoventura"
thosedancingdaysjp,
Tito Melo,"Eventos aleat√≥rios, eventos aleat√≥rios, eventos aleat√≥rios, eventos aleat√≥rios! Que aconteceram comigo na √∫ltima semana.

toda semana um v√≠deo novo repleto de aleatoriedades!

nos outros dias t√¥ por aqui:
‚Äì contato: otitomelo@gmail.com
‚Äì instagram: https://www.instagram.com/otitomelo
‚Äì twitter: https://twitter.com/otitomelo"
Toda Poesia,"Voc√™ j√° se imaginou declamando um texto que √© a sua cara? Aquele poema, trecho de m√∫sica ou quem sabe at√© aquela carta que @ representa? A gente sempre tem um texto que mexe com a gente. Pode ser para um grande amor, uma nota de saudade ou um perfume daquele filho que est√° para nascer. N√£o importa. Qualquer que seja o texto, desde um autor consagrado a uma poeta que ainda n√£o teve coragem de ser lida por ningu√©m, o Toda Poesia √© para voc√™. Para n√≥s, tudo √© poesia e toda poesia nos interessa. 

Esse √© um espa√ßo para voc√™ soltar a voz e a letra, fazendo o que n√≥s humanos fazemos de melhor. Emocionando. E se voc√™ prefere s√≥ ver e ouvir a emo√ß√£o de outros, tudo bem, aperta o play que com certeza voc√™ vai se identificar, afinal, como diria uma de nossas maestrinas: ""Poeta, n√£o √© somente o que escreve. √â aquele que sente a poesia, se extasia sens√≠vel ao achado de uma rima √† autenticidade de um verso‚Äù (Cora Coralina)

Quer participar? Envie um e-mail para projetotodapoesia@gmail.com"
TODO MUNDO ODEIA PC SIQUEIRA,"Desde 2010.
Eu carpi esse mato."
Torcida Independente - 1972,"Sentimentos movidos por um s√≥ ideal!

TORCIDA TRICOLOR INDEPENDENTE-1972"
Trip TV,"Somos o canal da Trip no Youtube. Nosso conte√∫do traz uma forma original de ver, pensar e interagir com o mundo. Jornalismo para transformar."
Trocando Ideia,"Trocando ideia √© um projeto independente, que visa de forma descontra√≠da conversar sobre coisa s√©ria."
Tulipa Ruiz,"Tulipa Ruiz
Latin Grammy Winner
Cantautora brasileira

Contato + Shows
brocalprodutora@tuliparuiz.com

Imprensa
imprensa@tuliparuiz.com

www.tuliparuiz.com
www.brocal.com.br"
TV Boitempo,"Canal de v√≠deos da maior editora do pensamento cr√≠tico da l√≠ngua portuguesa, com cat√°logo consistente reconhecido por sua qualidade e clareza de op√ß√µes editoriais. Aqui voc√™ encontra conte√∫dos exclusivos dedicados a funcionar tanto como material de apoio ao estudo e √† leitura quanto como forma de atualizar e estabelecer pontes entre tem√°ticas de nossas publica√ß√µes e quest√µes e pautas da atualidade. Com tr√™s novos v√≠deos por semana, o canal abriga uma grande variedade de formatos de v√≠deos, desde colunistas fixos, WebCursos e entrevistas, passando por drops e s√©ries tem√°ticas com nossos autores, at√© grava√ß√µes de debates, palestras e eventos promovidos pela editora. Chega mais!

Diretor de conte√∫do: Artur Renzo
Assist√™ncia de arte: Heleni Andrade

* A responsabilidade sobre as opini√µes emitidas nos v√≠deos √© dos autores, n√£o representando necessariamente a opini√£o da Boitempo."
TV Quase,Claramente s√£o atores.
TV UESC,"O projeto TV UESC surgiu em 2004, como proposta de criar uma TV com o objetivo de servir ao fluxo de informa√ß√µes dentro da Universidade e contribuir para o di√°logo entre docentes, discentes, servidores e a comunidade regional, buscando atender suas demandas de conhecimento e informa√ß√£o, numa abordagem convergente, que priorizasse o interc√¢mbio de mensagens com paridade e democracia.




Facebook: TV UESC"
Um S√°bado Qualquer,"O ""Um s√°bado qualquer"" √© um blog de tirinhas criadas por Carlos Ruas criando em 2009. 
 
Atrav√©s de um humor light, o autor explora o lado c√¥mico da exist√™ncia, a partir do exato momento em que Deus, experimenta ""criar o mundo"". As situa√ß√µes se complicam cada vez mais com o surgimento de Ad√£o, Eva, Caim, o Papa, Freud, Darwin e muitos outros...

O Criador (das tiras) n√£o pretende com elas, agredir ou ofender qualquer cren√ßa religiosa, mas apenas oferecer, de forma pac√≠fica, a sua vers√£o bem humorada para o princ√≠pio do mundo.
Aposto que at√© Deus lendo-as, estar√° dando boas gargalhadas.

Abra√ßos e divirtam-se!"
Unifesp - Universidade Federal de S√£o Paulo,"Official channel of the Federal University of S√£o Paulo.

Terms of use on social media: https://bit.ly/2KVjAKL"
Universo Gelo e Fogo,"Canal sobre o universo completo de Game Of Thrones, incluindo a nova s√©rie Targaryen, chamada de House of the Dragon, e tamb√©m fa√ßo videos de The Witcher!
Contato: universogfcontato@gmail.com"
Virtual Reality,Learn more at https://vr.youtube.com
Vlog Sou tricolor,Vlog Sou Tricolor Ligo a C√¢mera Aperto o Play e por ela venho mostrar um pouco dos bastidores do jogos do S√£o Paulo Futebol Clube!
Voc√™ Aprende Agora,"Hello, my friend! Este curso de ingl√™s online √© para voc√™ aprender a speak English e ser L√≠der o mais r√°pido poss√≠vel! Seja VIP no http://www.voceaprendeagora.com/seja-vip para aprender mais r√°pido, ter acompanhamento do Felipe Dib e certifica√ß√£o reconhecida pela Georgetown University.

Participe das aulas dando ""like"", comentando e compartilhando. Quanto mais voc√™ interage, mais oportunidades voc√™ tem. J√° √© VIP? Fale direto com o Felipe Dib no 67 9 9646-1112 ou contato@voceaprendeagora.com.

Reprovado no curso de ingl√™s Felipe Dib convenceu seus pais de ir formar o ensino m√©dio em uma escola p√∫blica na Nova Zel√¢ndia. Ao voltar para o Brasil se tornou professor de ingl√™s, graduou-se em Rela√ß√µes Internacionais e fez uma p√≥s em Ensino de ingl√™s. Estudou Business em Oxford, Lideran√ßa na Georgetown e fez seu MBA pela Universidade da Calif√≥rnia. Em 2011 ap√≥s sobreviver em um acidente de carro Dib criou o Voc√™ Aprende Agora, um curso... completo AQUI: www.voceaprendeagora.com/o-que-e"
Zelune,"Criando, Comentando, reinventando, analisando e trazendo novas maneiras de ver coisas que todos pensam j√° conhecer.
Par√≥dias, redublagens, videocasts e quadros √∫nicos in√©ditos.

Nosso Discord: https://zelune.page.link/discord
(Membros do canal tem acesso a uma sala especial e chats exclusivos!)
--

Commenting, creating, reinventing and reviewing videos, presenting new ways to see content that you thought you already knew.
Parodies, voice acting/voice over, videocasts and new stuff.

Contato: contato@zordtv.com.br"
Zona da Fotografia,"Canal dedicado a inspirar pessoas atrav√©s da fotografia as tonando seres humanos melhores e, consequentemente fot√≥grafos melhores."
ZRMTV,"nada mais que uma vitamina de influ√™ncias infinitas jogadas em um liquidificador sonoro que √© de mais pro seu quintal, zerorealmarginal... 

integrantes:
Felipe(Febem),Felipe(Flip) e Ruan (Jay Beats)

disco novo - Goldensgoto:
http://smarturl.it/Goldensgoto

page:
http://www.facebook.com/zrm.zerorealmarginal

tumblr:
http://zerorealmarginal.tumblr.com/

twitter:
https://twitter.com/_ZRM

soundcloud:
https://soundcloud.com/zrm_spockcoast"
